-- phpMyAdmin SQL Dump
-- version 5.2.1
-- https://www.phpmyadmin.net/
--
-- Host: 127.0.0.1
-- Generation Time: May 27, 2025 at 04:43 PM
-- Server version: 10.4.32-MariaDB
-- PHP Version: 8.2.12

SET SQL_MODE = "NO_AUTO_VALUE_ON_ZERO";
START TRANSACTION;
SET time_zone = "+00:00";


/*!40101 SET @OLD_CHARACTER_SET_CLIENT=@@CHARACTER_SET_CLIENT */;
/*!40101 SET @OLD_CHARACTER_SET_RESULTS=@@CHARACTER_SET_RESULTS */;
/*!40101 SET @OLD_COLLATION_CONNECTION=@@COLLATION_CONNECTION */;
/*!40101 SET NAMES utf8mb4 */;

--
-- Database: `dw_telkom`
--

-- --------------------------------------------------------

--
-- Table structure for table `dim_churn`
--

CREATE TABLE `dim_churn` (
  `churn_flag_id` int(11) NOT NULL,
  `churn_flag` tinyint(4) DEFAULT NULL
) ENGINE=InnoDB DEFAULT CHARSET=utf8mb4 COLLATE=utf8mb4_general_ci;

--
-- Dumping data for table `dim_churn`
--

INSERT INTO `dim_churn` (`churn_flag_id`, `churn_flag`) VALUES
(1, 0),
(2, 1);

-- --------------------------------------------------------

--
-- Table structure for table `dim_customer`
--

CREATE TABLE `dim_customer` (
  `customer_id` varchar(50) NOT NULL,
  `gender` varchar(10) DEFAULT NULL,
  `senior_citizen` tinyint(4) DEFAULT NULL,
  `partner` varchar(10) DEFAULT NULL,
  `dependents` varchar(10) DEFAULT NULL
) ENGINE=InnoDB DEFAULT CHARSET=utf8mb4 COLLATE=utf8mb4_general_ci;

--
-- Dumping data for table `dim_customer`
--

INSERT INTO `dim_customer` (`customer_id`, `gender`, `senior_citizen`, `partner`, `dependents`) VALUES
('0004-TLHLJ', 'Male', 0, 'No', '0'),
('0011-IGKFF', 'Male', 1, 'Yes', '0'),
('0094-OIFMO', 'Female', 1, 'No', '1'),
('0112-QWPNC', 'Male', 0, 'Yes', '0'),
('0125-LZQXK', 'Male', 0, 'No', '0'),
('0135-NMXAP', 'Female', 0, 'No', '0'),
('0137-OCGAB', 'Female', 0, 'No', '0'),
('0151-ONTOV', 'Female', 0, 'No', '0'),
('0156-FVPTA', 'Male', 0, 'Yes', '0'),
('0195-IESCP', 'Male', 0, 'Yes', '0'),
('0201-OAMXR', 'Female', 0, 'No', '0'),
('0219-YTZUE', 'Male', 0, 'Yes', '0'),
('0220-EBGCE', 'Male', 0, 'No', '0'),
('0235-KGSLC', 'Female', 0, 'No', '0'),
('0256-LTHVJ', 'Female', 0, 'Yes', '0'),
('0259-GBZSH', 'Male', 0, 'No', '0'),
('0265-EDXBD', 'Male', 1, 'Yes', '0'),
('0330-IVZHA', 'Female', 0, 'Yes', '0'),
('0334-GDDSO', 'Male', 1, 'No', '0'),
('0354-WYROK', 'Female', 1, 'Yes', '0'),
('0363-QJVFX', 'Male', 0, 'No', '0'),
('0378-XSZPU', 'Male', 0, 'Yes', '0'),
('0390-DCFDQ', 'Female', 1, 'Yes', '2'),
('0404-SWRVG', 'Male', 0, 'No', '2'),
('0406-BPDVR', 'Female', 1, 'Yes', '0'),
('0415-MOSGF', 'Female', 0, 'No', '0'),
('0475-RIJEP', 'Male', 0, 'No', '0'),
('0511-JTEOY', 'Female', 0, 'No', '0'),
('0524-IAVZO', 'Female', 0, 'Yes', '0'),
('0529-ONKER', 'Male', 1, 'No', '0'),
('0533-BNWKF', 'Female', 1, 'Yes', '0'),
('0565-IYCGT', 'Male', 0, 'No', '0'),
('0611-DFXKO', 'Male', 0, 'Yes', '0'),
('0618-XWMSS', 'Male', 0, 'No', '0'),
('0621-TWIEM', 'Male', 0, 'No', '0'),
('0637-KVDLV', 'Male', 0, 'No', '0'),
('0637-UBJRP', 'Male', 0, 'Yes', '0'),
('0637-YLETY', 'Female', 0, 'No', '0'),
('0639-TSIQW', 'Female', 0, 'No', '0'),
('0654-HMSHN', 'Male', 0, 'Yes', '0'),
('0655-RBDUG', 'Male', 0, 'No', '0'),
('0685-MLYYM', 'Female', 1, 'No', '0'),
('0687-ZVTHB', 'Male', 0, 'Yes', '0'),
('0689-NKYLF', 'Male', 0, 'No', '0'),
('0702-PGIBZ', 'Male', 0, 'No', '0'),
('0719-SYFRB', 'Female', 0, 'No', '0'),
('0727-IWKVK', 'Male', 0, 'Yes', '0'),
('0742-NXBGR', 'Female', 0, 'No', '0'),
('0772-GYEQQ', 'Male', 0, 'No', '0'),
('0807-ZABDG', 'Female', 0, 'No', '2'),
('0812-WUPTB', 'Male', 1, 'Yes', '0'),
('0866-QLSIR', 'Female', 0, 'No', '0'),
('0870-VEMYL', 'Female', 0, 'No', '0'),
('0876-WDUUZ', 'Female', 0, 'No', '0'),
('0880-TKATG', 'Male', 0, 'Yes', '0'),
('0887-HJGAR', 'Male', 0, 'No', '0'),
('0897-FEGMU', 'Female', 0, 'Yes', '0'),
('0923-PNFUB', 'Female', 0, 'No', '0'),
('0927-LCSMG', 'Male', 0, 'No', '0'),
('0939-YAPAF', 'Female', 0, 'No', '0'),
('0940-OUQEC', 'Male', 0, 'No', '0'),
('0946-CLJTI', 'Male', 1, 'Yes', '0'),
('0968-GSIKN', 'Female', 0, 'No', '0'),
('0970-ETWGE', 'Male', 0, 'No', '0'),
('0979-PHULV', 'Male', 0, 'Yes', '0'),
('1010-DIAUQ', 'Male', 0, 'No', '0'),
('1024-VRZHF', 'Male', 0, 'Yes', '0'),
('1031-IIDEO', 'Female', 0, 'No', '0'),
('1084-UQCHV', 'Male', 0, 'No', '0'),
('1086-LXKFY', 'Female', 0, 'Yes', '0'),
('1112-CUNAO', 'Female', 1, 'No', '0'),
('1120-BMWUB', 'Female', 0, 'No', '0'),
('1157-BQCUW', 'Male', 0, 'No', '0'),
('1195-OIYEJ', 'Male', 0, 'No', '0'),
('1205-WNWPJ', 'Female', 0, 'No', '0'),
('1213-NGCUN', 'Female', 0, 'No', '0'),
('1226-UDFZR', 'Female', 0, 'No', '0'),
('1260-TTRXI', 'Male', 0, 'No', '0'),
('1262-OPMFY', 'Female', 0, 'Yes', '0'),
('1264-BYWMS', 'Male', 0, 'No', '0'),
('1268-ASBGA', 'Female', 1, 'Yes', '0'),
('1304-NECVQ', 'Female', 1, 'No', '0'),
('1309-BXVOQ', 'Male', 0, 'Yes', '0'),
('1320-HTRDR', 'Female', 0, 'No', '0'),
('1324-NLTJE', 'Female', 1, 'No', '0'),
('1342-JPNKI', 'Male', 0, 'No', '0'),
('1363-TXLSL', 'Male', 1, 'Yes', '0'),
('1373-ORVIZ', 'Female', 0, 'Yes', '0'),
('1374-DMZUI', 'Female', 1, 'No', '0'),
('1389-CXMLU', 'Male', 1, 'No', '0'),
('1415-YFWLT', 'Female', 1, 'No', '0'),
('1444-VVSGW', 'Male', 0, 'Yes', '0'),
('1448-PWKYE', 'Male', 0, 'Yes', '0'),
('1455-UGQVH', 'Male', 0, 'Yes', '0'),
('1502-XFCVR', 'Female', 0, 'No', '0'),
('1513-XNPPH', 'Female', 0, 'No', '0'),
('1518-VOWAV', 'Female', 0, 'No', '0'),
('1541-ETJZO', 'Male', 0, 'No', '0'),
('1555-DJEQW', 'Female', 0, 'Yes', '0'),
('1579-KLYDT', 'Male', 0, 'No', '0'),
('1582-RAFML', 'Male', 0, 'No', '0'),
('1585-MQSSU', 'Male', 0, 'No', '0'),
('1587-FKLZB', 'Male', 1, 'Yes', '0'),
('1596-BBVTG', 'Male', 0, 'No', '0'),
('1597-FZREH', 'Female', 0, 'No', '0'),
('1602-IJQQE', 'Female', 0, 'No', '0'),
('1612-EOHDH', 'Female', 0, 'No', '0'),
('1658-BYGOY', 'Male', 1, 'No', '3'),
('1670-SVOWZ', 'Female', 0, 'Yes', '0'),
('1678-FYZOW', 'Female', 0, 'No', '0'),
('1699-HPSBG', 'Male', 0, 'No', '0'),
('1731-TVIUK', 'Female', 0, 'No', '0'),
('1750-CSKKM', 'Male', 0, 'No', '3'),
('1771-OADNZ', 'Male', 1, 'Yes', '0'),
('1792-UXAFY', 'Female', 1, 'No', '0'),
('1794-HBQTJ', 'Female', 0, 'No', '0'),
('1820-TQVEV', 'Male', 0, 'No', '0'),
('1833-VGRUM', 'Female', 1, 'No', '0'),
('1842-EZJMK', 'Male', 0, 'Yes', '0'),
('1866-RZZQS', 'Male', 1, 'No', '0'),
('1867-BDVFH', 'Male', 0, 'Yes', '0'),
('1875-QIVME', 'Female', 0, 'Yes', '3'),
('1902-XBTFB', 'Male', 0, 'No', '0'),
('1965-AKTSX', 'Female', 1, 'No', '0'),
('1984-FCOWB', 'Female', 0, 'Yes', '0'),
('2003-CKLOR', 'Male', 0, 'No', '0'),
('2004-OCQXK', 'Female', 0, 'No', '0'),
('2012-NWRPA', 'Female', 1, 'Yes', '0'),
('2024-BASKD', 'Female', 0, 'No', '0'),
('2034-GDRCN', 'Female', 0, 'No', '0'),
('2037-XJFUP', 'Male', 0, 'Yes', '0'),
('2055-PDADH', 'Female', 1, 'No', '0'),
('2057-ZBLPD', 'Female', 0, 'Yes', '0'),
('2058-DCJBE', 'Male', 0, 'No', '0'),
('2070-FNEXE', 'Female', 1, 'No', '2'),
('2074-GKOWZ', 'Male', 0, 'Yes', '0'),
('2082-CEFLT', 'Male', 0, 'No', '0'),
('2114-MGINA', 'Female', 0, 'No', '0'),
('2135-RXIHG', 'Male', 0, 'No', '0'),
('2141-RRYGO', 'Female', 0, 'No', '0'),
('2150-UWTFY', 'Female', 0, 'Yes', '3'),
('2154-KVJFF', 'Female', 0, 'No', '0'),
('2157-MXBJS', 'Male', 0, 'Yes', '0'),
('2207-NHRJK', 'Male', 0, 'No', '0'),
('2225-ZRGSG', 'Female', 0, 'Yes', '0'),
('2237-ZFSMY', 'Female', 0, 'No', '0'),
('2239-JALAW', 'Male', 0, 'No', '0'),
('2276-YDAVZ', 'Female', 0, 'No', '0'),
('2321-OMBXY', 'Female', 0, 'Yes', '0'),
('2325-ZUSFD', 'Female', 0, 'Yes', '0'),
('2359-KMGLI', 'Male', 0, 'No', '0'),
('2362-IBOOY', 'Male', 0, 'No', '0'),
('2369-UAPKZ', 'Male', 0, 'No', '0'),
('2372-HWUHI', 'Male', 0, 'No', '0'),
('2379-ENZGV', 'Male', 0, 'No', '0'),
('2382-BCKQJ', 'Female', 0, 'No', '0'),
('2391-SOORI', 'Male', 0, 'No', '1'),
('2403-BCASL', 'Male', 1, 'Yes', '0'),
('2408-TZMJL', 'Male', 0, 'Yes', '0'),
('2433-KMEAS', 'Male', 0, 'No', '0'),
('2446-PLQVO', 'Male', 0, 'No', '0'),
('2454-RPBRZ', 'Female', 1, 'Yes', '0'),
('2479-BRAMR', 'Male', 1, 'Yes', '0'),
('2506-CLAKW', 'Female', 0, 'No', '0'),
('2514-GINMM', 'Male', 0, 'No', '0'),
('2519-FAKOD', 'Male', 0, 'No', '0'),
('2530-ENDWQ', 'Female', 0, 'Yes', '0'),
('2533-QVMSK', 'Male', 0, 'Yes', '0'),
('2575-GFSOE', 'Female', 0, 'Yes', '0'),
('2612-RANWT', 'Female', 0, 'No', '0'),
('2612-RRIDN', 'Male', 0, 'No', '0'),
('2626-URJFX', 'Male', 0, 'Yes', '3'),
('2636-ALXXZ', 'Female', 1, 'No', '0'),
('2642-DTVCO', 'Male', 1, 'No', '0'),
('2645-QTLMB', 'Male', 0, 'No', '0'),
('2656-FMOKZ', 'Female', 1, 'No', '2'),
('2657-ALMWY', 'Female', 1, 'Yes', '0'),
('2659-VXMWZ', 'Male', 0, 'Yes', '0'),
('2660-EMUBI', 'Male', 1, 'No', '0'),
('2691-NZETQ', 'Male', 0, 'No', '0'),
('2718-GAXQD', 'Female', 1, 'Yes', '3'),
('2720-WGKHP', 'Male', 1, 'No', '0'),
('2722-JMONI', 'Female', 1, 'Yes', '0'),
('2725-KXXWT', 'Male', 0, 'Yes', '0'),
('2737-YNGYW', 'Female', 0, 'No', '0'),
('2748-MYRVK', 'Female', 0, 'No', '0'),
('2754-VDLTR', 'Male', 0, 'No', '0'),
('2834-JRTUA', 'Male', 0, 'No', '0'),
('2840-XANRC', 'Male', 1, 'Yes', '0'),
('2842-JTCCU', 'Male', 0, 'No', '0'),
('2856-HYAPG', 'Female', 0, 'No', '0'),
('2860-RANUS', 'Female', 1, 'No', '0'),
('2868-MZAGQ', 'Male', 0, 'No', '0'),
('2869-ADAWR', 'Female', 0, 'No', '0'),
('2873-ZLIWT', 'Female', 0, 'Yes', '0'),
('2884-GBPFB', 'Female', 0, 'Yes', '0'),
('2929-ERCFZ', 'Female', 0, 'Yes', '0'),
('2930-UOTMB', 'Female', 0, 'No', '0'),
('2962-XPMCQ', 'Male', 0, 'No', '0'),
('2979-SXESE', 'Female', 0, 'Yes', '0'),
('2982-VPSGI', 'Female', 0, 'Yes', '0'),
('2990-HWIML', 'Female', 0, 'No', '0'),
('3001-CBHLQ', 'Male', 1, 'Yes', '0'),
('3005-NFMTA', 'Male', 1, 'No', '0'),
('3009-JWMPU', 'Male', 0, 'No', '0'),
('3018-TFTSU', 'Male', 0, 'No', '0'),
('3027-ZTDHO', 'Male', 0, 'No', '0'),
('3030-YZADT', 'Male', 0, 'No', '0'),
('3049-NDXFL', 'Female', 0, 'No', '0'),
('3058-HJCUY', 'Male', 0, 'Yes', '0'),
('3063-QFSZL', 'Female', 0, 'No', '0'),
('3066-RRJIO', 'Female', 0, 'No', '0'),
('3085-QUOZK', 'Female', 0, 'No', '0'),
('3092-IGHWF', 'Male', 0, 'Yes', '0'),
('3096-IZETN', 'Female', 0, 'No', '0'),
('3096-JRDSO', 'Female', 1, 'Yes', '0'),
('3097-NNSPB', 'Female', 0, 'No', '0'),
('3104-OWCGK', 'Male', 0, 'Yes', '0'),
('3106-ULWFW', 'Female', 0, 'Yes', '0'),
('3144-AUDBS', 'Female', 0, 'Yes', '0'),
('3178-FESZO', 'Female', 0, 'No', '0'),
('3186-BAXNB', 'Female', 0, 'No', '0'),
('3192-NQECA', 'Male', 0, 'Yes', '0'),
('3208-YPIOE', 'Male', 0, 'No', '0'),
('3217-FZDMN', 'Female', 1, 'No', '0'),
('3244-DCJWY', 'Female', 0, 'No', '0'),
('3247-ZVOUO', 'Male', 1, 'Yes', '0'),
('3249-ZPQRG', 'Male', 0, 'No', '0'),
('3254-YRILK', 'Male', 1, 'No', '0'),
('3259-FDWOY', 'Male', 0, 'Yes', '0'),
('3269-ATYWD', 'Male', 1, 'No', '0'),
('3276-HDUEG', 'Female', 0, 'No', '0'),
('3313-QKNKB', 'Male', 0, 'Yes', '0'),
('3315-TOTBP', 'Male', 0, 'No', '0'),
('3318-OSATS', 'Male', 1, 'No', '0'),
('3319-DWOEP', 'Male', 1, 'Yes', '0'),
('3325-FUYCG', 'Male', 0, 'Yes', '0'),
('3336-JORSO', 'Female', 1, 'No', '0'),
('3351-NQLDI', 'Female', 0, 'Yes', '0'),
('3374-LXDEV', 'Female', 0, 'No', '0'),
('3376-BMGFE', 'Female', 0, 'No', '1'),
('3387-VATUS', 'Male', 0, 'No', '0'),
('3398-ZOUAA', 'Male', 1, 'Yes', '0'),
('3400-ESFUW', 'Male', 0, 'Yes', '0'),
('3419-SNJJD', 'Female', 1, 'Yes', '0'),
('3422-LYEPQ', 'Male', 0, 'Yes', '0'),
('3426-NIYYL', 'Male', 0, 'No', '0'),
('3512-IZIKN', 'Female', 0, 'Yes', '0'),
('3519-ZKXGG', 'Female', 0, 'Yes', '0'),
('3521-SYVOR', 'Female', 0, 'No', '0'),
('3551-HUAZH', 'Male', 1, 'No', '0'),
('3571-RFHAR', 'Male', 0, 'No', '0'),
('3594-UVONA', 'Female', 0, 'No', '0'),
('3606-TWKGI', 'Male', 1, 'No', '0'),
('3669-OYSJI', 'Male', 0, 'No', '0'),
('3671-SHRSP', 'Male', 0, 'Yes', '0'),
('3672-YITQD', 'Male', 1, 'Yes', '0'),
('3683-QKIUE', 'Female', 0, 'No', '0'),
('3685-YLCMQ', 'Male', 0, 'No', '0'),
('3714-JTVOV', 'Female', 1, 'Yes', '0'),
('3716-BDVDB', 'Male', 0, 'No', '0'),
('3744-ZRRDZ', 'Male', 0, 'No', '0'),
('3746-EUBYR', 'Male', 0, 'Yes', '0'),
('3763-GCZHZ', 'Male', 0, 'Yes', '0'),
('3765-JXVKY', 'Female', 0, 'No', '0'),
('3768-NLUBH', 'Male', 1, 'Yes', '0'),
('3804-RVTGV', 'Male', 0, 'Yes', '0'),
('3834-XUIFC', 'Male', 0, 'No', '0'),
('3838-OZURD', 'Male', 0, 'Yes', '0'),
('3842-IYKUE', 'Female', 0, 'No', '0'),
('3870-MQAMG', 'Female', 0, 'Yes', '0'),
('3874-EQOEP', 'Male', 0, 'No', '4'),
('3926-CUQZX', 'Male', 0, 'No', '0'),
('3927-NLNRY', 'Male', 0, 'Yes', '0'),
('3934-HXCFZ', 'Male', 0, 'Yes', '0'),
('3946-MHCZW', 'Male', 0, 'No', '0'),
('3957-LXOLK', 'Female', 1, 'No', '0'),
('3982-XWFZQ', 'Female', 0, 'Yes', '0'),
('3992-YWPKO', 'Female', 0, 'No', '0'),
('4013-TLDHQ', 'Male', 0, 'No', '0'),
('4013-UBXWQ', 'Female', 0, 'No', '0'),
('4080-OGPJL', 'Female', 0, 'No', '0'),
('4086-YQSNZ', 'Female', 1, 'Yes', '0'),
('4088-YLDSU', 'Male', 0, 'Yes', '0'),
('4110-PFEUZ', 'Female', 0, 'No', '0'),
('4112-LUEIZ', 'Male', 0, 'No', '0'),
('4143-OOBWZ', 'Male', 0, 'Yes', '0'),
('4145-UQXUQ', 'Female', 1, 'No', '0'),
('4154-AQUGT', 'Male', 1, 'Yes', '0'),
('4184-TJFAN', 'Female', 1, 'Yes', '0'),
('4193-ORFCL', 'Female', 1, 'No', '0'),
('4201-JMNGR', 'Female', 1, 'No', '0'),
('4208-UFFGW', 'Male', 1, 'No', '0'),
('4210-QFJMF', 'Female', 0, 'No', '0'),
('4228-ZGYUW', 'Male', 0, 'No', '0'),
('4237-RLAQD', 'Male', 0, 'No', '0'),
('4248-HCETZ', 'Male', 1, 'Yes', '0'),
('4248-QPAVC', 'Female', 1, 'Yes', '0'),
('4250-FDVOU', 'Female', 0, 'No', '0'),
('4250-ZBWLV', 'Male', 0, 'No', '0'),
('4282-YMKNA', 'Female', 0, 'No', '0'),
('4285-GYRQC', 'Female', 0, 'Yes', '0'),
('4289-DTDKW', 'Male', 0, 'Yes', '0'),
('4307-KTUMW', 'Male', 0, 'Yes', '0'),
('4317-VTEOA', 'Male', 0, 'No', '0'),
('4322-RCYMT', 'Male', 0, 'Yes', '0'),
('4325-NFSKC', 'Male', 1, 'No', '0'),
('4349-GFQHK', 'Male', 0, 'No', '0'),
('4361-BKAXE', 'Female', 0, 'No', '0'),
('4361-JEIVL', 'Male', 0, 'No', '3'),
('4369-HTUIF', 'Male', 1, 'No', '0'),
('4373-MAVJG', 'Female', 0, 'Yes', '0'),
('4385-GZQXV', 'Female', 1, 'No', '0'),
('4391-RESHN', 'Male', 0, 'No', '0'),
('4398-HSCJH', 'Female', 0, 'No', '0'),
('4412-YLTKF', 'Female', 1, 'No', '1'),
('4423-YLHDV', 'Female', 0, 'Yes', '0'),
('4433-JCGCG', 'Male', 1, 'Yes', '0'),
('4439-JMPMT', 'Female', 0, 'Yes', '0'),
('4505-EXZHB', 'Female', 1, 'No', '0'),
('4512-ZUIYL', 'Female', 0, 'No', '0'),
('4523-WXCEF', 'Female', 0, 'Yes', '0'),
('4529-CKBCL', 'Female', 0, 'No', '0'),
('4547-LYTDD', 'Female', 0, 'No', '0'),
('4548-SDBKE', 'Female', 0, 'No', '0'),
('4550-EVXNY', 'Female', 0, 'No', '0'),
('4554-YGZIH', 'Male', 1, 'Yes', '0'),
('4558-FANTW', 'Female', 0, 'Yes', '0'),
('4566-QVRRW', 'Female', 0, 'Yes', '0'),
('4581-SSPWD', 'Female', 0, 'No', '0'),
('4587-NUKOX', 'Female', 0, 'No', '0'),
('4587-VVTOX', 'Female', 0, 'Yes', '0'),
('4598-XLKNJ', 'Female', 1, 'Yes', '1'),
('4603-JANFB', 'Male', 0, 'No', '0'),
('4640-UHDOS', 'Female', 0, 'Yes', '0'),
('4659-NZRUF', 'Female', 0, 'No', '0'),
('4701-MLJPN', 'Male', 0, 'No', '0'),
('4702-IOQDC', 'Female', 0, 'No', '0'),
('4713-LZDRV', 'Female', 1, 'No', '0'),
('4759-TRPLW', 'Male', 0, 'No', '0'),
('4765-OXPPD', 'Female', 0, 'Yes', '0'),
('4789-KWMXN', 'Male', 0, 'Yes', '0'),
('4791-QRGMF', 'Male', 0, 'Yes', '0'),
('4795-KTRTH', 'Female', 1, 'Yes', '0'),
('4797-AXPXK', 'Female', 0, 'No', '2'),
('4800-CZMPC', 'Female', 0, 'Yes', '0'),
('4803-AXVYP', 'Female', 1, 'No', '0'),
('4806-HIPDW', 'Female', 0, 'Yes', '0'),
('4806-KEXQR', 'Male', 0, 'No', '0'),
('4816-JBHOV', 'Male', 1, 'No', '0'),
('4816-LXZYW', 'Female', 0, 'No', '0'),
('4817-QRJSX', 'Female', 0, 'No', '0'),
('4817-VYYWS', 'Female', 0, 'No', '0'),
('4818-DRBQT', 'Male', 0, 'Yes', '0'),
('4822-RVYBB', 'Male', 1, 'No', '0'),
('4822-YCXMX', 'Male', 0, 'No', '0'),
('4844-JJWUY', 'Female', 1, 'No', '0'),
('4846-WHAFZ', 'Female', 1, 'Yes', '1'),
('4847-QNOKA', 'Female', 0, 'No', '0'),
('4853-RULSV', 'Male', 0, 'No', '0'),
('4855-SNKMY', 'Female', 0, 'No', '0'),
('4913-EHYUI', 'Male', 1, 'Yes', '0'),
('4919-IKATY', 'Male', 0, 'Yes', '0'),
('4919-MOAVT', 'Male', 0, 'No', '0'),
('4925-LMHOK', 'Male', 0, 'No', '0'),
('4958-XCBDQ', 'Male', 1, 'No', '0'),
('4959-JOSRX', 'Female', 0, 'Yes', '0'),
('5020-ZSTTY', 'Female', 1, 'No', '0'),
('5027-QPKTE', 'Male', 0, 'Yes', '0'),
('5047-LHVLY', 'Male', 1, 'No', '0'),
('5052-PNLOS', 'Male', 0, 'No', '0'),
('5089-IFSDP', 'Female', 0, 'Yes', '0'),
('5099-BAILX', 'Male', 1, 'Yes', '0'),
('5103-MHMHY', 'Female', 0, 'No', '1'),
('5130-IEKQT', 'Male', 1, 'No', '0'),
('5136-KCKGI', 'Female', 0, 'Yes', '0'),
('5138-WVKYJ', 'Male', 0, 'No', '0'),
('5159-YFPKQ', 'Female', 0, 'No', '0'),
('5167-ZFFMM', 'Male', 0, 'No', '0'),
('5196-SGOAK', 'Female', 0, 'No', '0'),
('5208-HFSBT', 'Female', 0, 'No', '0'),
('5229-PRWKT', 'Male', 0, 'No', '0'),
('5271-YNWVR', 'Male', 0, 'Yes', '0'),
('5276-KQWHG', 'Female', 1, 'No', '0'),
('5277-ZLOOR', 'Female', 1, 'No', '0'),
('5281-BUZGT', 'Male', 1, 'No', '0'),
('5299-SJCZT', 'Male', 0, 'No', '0'),
('5301-GAUUY', 'Male', 0, 'No', '0'),
('5307-DZCVC', 'Female', 1, 'Yes', '0'),
('5366-IJEQJ', 'Male', 0, 'No', '0'),
('5380-WJKOV', 'Male', 0, 'No', '1'),
('5440-FLBQG', 'Male', 1, 'Yes', '0'),
('5442-XSDCW', 'Male', 0, 'Yes', '0'),
('5445-PZWGX', 'Male', 0, 'No', '0'),
('5449-FIBXJ', 'Male', 0, 'Yes', '0'),
('5458-CQJTA', 'Male', 0, 'Yes', '0'),
('5493-SDRDQ', 'Male', 0, 'No', '0'),
('5494-HECPR', 'Female', 0, 'No', '0'),
('5519-YLDGW', 'Female', 0, 'Yes', '0'),
('5536-RTPWK', 'Male', 0, 'Yes', '0'),
('5561-NWEVX', 'Female', 1, 'Yes', '0'),
('5564-NEMQO', 'Female', 1, 'No', '0'),
('5567-WSELE', 'Male', 1, 'Yes', '0'),
('5569-KGJHX', 'Female', 0, 'Yes', '0'),
('5569-OUICF', 'Female', 1, 'Yes', '0'),
('5583-SXDAG', 'Male', 0, 'Yes', '0'),
('5597-GLBUC', 'Female', 0, 'No', '0'),
('5649-ANRML', 'Male', 1, 'No', '0'),
('5655-JSMZM', 'Male', 1, 'No', '0'),
('5673-FSSMF', 'Female', 0, 'No', '0'),
('5707-ORNDZ', 'Male', 1, 'No', '0'),
('5712-PTIWW', 'Male', 0, 'No', '0'),
('5729-KLZAR', 'Female', 0, 'Yes', '0'),
('5748-RNCJT', 'Male', 0, 'No', '0'),
('5797-APWZC', 'Female', 0, 'No', '0'),
('5804-LEPIM', 'Female', 1, 'No', '0'),
('5832-XKAES', 'Male', 0, 'No', '0'),
('5875-YPQFJ', 'Male', 0, 'No', '0'),
('5876-HZVZM', 'Female', 0, 'Yes', '3'),
('5883-GTGVD', 'Male', 0, 'No', '0'),
('5884-GCYMI', 'Male', 0, 'No', '0'),
('5889-JTMUL', 'Female', 1, 'Yes', '0'),
('5889-LFOLL', 'Female', 0, 'No', '0'),
('5899-MQZZL', 'Female', 0, 'No', '0'),
('5922-ABDVO', 'Female', 0, 'Yes', '0'),
('5940-AHUHD', 'Male', 0, 'No', '0'),
('5955-ERIHD', 'Male', 0, 'Yes', '0'),
('5956-VKDTT', 'Female', 1, 'Yes', '0'),
('5959-BELXA', 'Male', 1, 'No', '0'),
('5976-JCJRH', 'Male', 0, 'Yes', '0'),
('5981-ITEMU', 'Male', 0, 'Yes', '0'),
('6005-OBZPH', 'Female', 1, 'No', '0'),
('6022-UGGSO', 'Female', 1, 'No', '0'),
('6023-YEBUP', 'Male', 0, 'No', '0'),
('6029-WTIPC', 'Male', 1, 'No', '0'),
('6086-ESGRL', 'Female', 0, 'No', '0'),
('6087-MVHJH', 'Female', 0, 'No', '0'),
('6097-EQISJ', 'Female', 0, 'Yes', '0'),
('6100-QQHEB', 'Male', 0, 'Yes', '0'),
('6101-IMRMM', 'Male', 0, 'No', '0'),
('6108-OQZDQ', 'Female', 0, 'Yes', '0'),
('6110-OHIHY', 'Male', 0, 'No', '0'),
('6140-QNRQQ', 'Male', 0, 'No', '0'),
('6172-FECYY', 'Male', 0, 'Yes', '0'),
('6173-ITPWD', 'Male', 0, 'Yes', '0'),
('6178-KFNHS', 'Female', 0, 'No', '0'),
('6204-IEUXJ', 'Female', 0, 'No', '0'),
('6227-HWPWX', 'Female', 0, 'No', '0'),
('6261-RCVNS', 'Female', 0, 'No', '0'),
('6270-OMFIW', 'Male', 0, 'Yes', '0'),
('6275-YDUVO', 'Female', 0, 'No', '0'),
('6289-CPNLD', 'Male', 0, 'Yes', '0'),
('6326-MTTXK', 'Male', 0, 'No', '0'),
('6330-JKLPC', 'Male', 0, 'Yes', '0'),
('6331-EWIEB', 'Male', 0, 'No', '0'),
('6347-DCUIK', 'Male', 0, 'No', '0'),
('6358-LYNGM', 'Male', 0, 'No', '0'),
('6372-RFVNS', 'Female', 0, 'Yes', '0'),
('6376-GAHQE', 'Male', 0, 'No', '0'),
('6416-TVAIH', 'Male', 0, 'Yes', '0'),
('6424-ELEYH', 'Female', 0, 'Yes', '0'),
('6432-TWQLB', 'Male', 0, 'Yes', '0'),
('6474-FVJLC', 'Male', 0, 'No', '0'),
('6481-OGDOO', 'Male', 0, 'Yes', '0'),
('6496-SLWHQ', 'Male', 1, 'No', '0'),
('6521-YYTYI', 'Male', 0, 'No', '0'),
('6583-QGCSI', 'Female', 1, 'Yes', '0'),
('6595-COKXZ', 'Female', 0, 'No', '0'),
('6595-YGXIT', 'Male', 1, 'No', '0'),
('6599-CEBNN', 'Female', 0, 'No', '0'),
('6599-RCLCJ', 'Male', 0, 'Yes', '0'),
('6618-RYATB', 'Female', 0, 'No', '0'),
('6633-MPWBS', 'Male', 0, 'No', '0'),
('6641-XRPSU', 'Female', 0, 'No', '0'),
('6653-CBBOM', 'Female', 0, 'No', '0'),
('6664-FPDAC', 'Female', 1, 'No', '0'),
('6689-TCZHQ', 'Female', 1, 'No', '0'),
('6711-FLDFB', 'Female', 0, 'No', '0'),
('6712-OAWRH', 'Female', 1, 'No', '0'),
('6772-KSATR', 'Male', 0, 'No', '0'),
('6797-LNAQX', 'Male', 0, 'Yes', '0'),
('6818-WOBHJ', 'Female', 1, 'Yes', '0'),
('6821-BUXUX', 'Female', 0, 'No', '0'),
('6825-UYPFK', 'Female', 0, 'No', '0'),
('6857-VWJDT', 'Female', 0, 'No', '0'),
('6877-LGWXO', 'Male', 1, 'Yes', '0'),
('6877-TJMBR', 'Male', 0, 'Yes', '0'),
('6892-EZDTG', 'Female', 0, 'Yes', '0'),
('6892-XPFPU', 'Male', 1, 'Yes', '0'),
('6900-PXRMS', 'Male', 1, 'Yes', '0'),
('6905-NIQIN', 'Male', 0, 'No', '0'),
('6906-ANDWJ', 'Male', 0, 'Yes', '0'),
('6927-WTFIV', 'Male', 1, 'No', '0'),
('6941-PMGEP', 'Female', 0, 'No', '0'),
('6946-LMSQS', 'Male', 1, 'Yes', '0'),
('6959-UWKHF', 'Male', 0, 'No', '0'),
('6961-VCPMC', 'Male', 1, 'Yes', '0'),
('6979-ZNSFF', 'Female', 0, 'No', '0'),
('6982-SSHFK', 'Male', 0, 'No', '0'),
('6986-IJDHX', 'Male', 0, 'Yes', '0'),
('7054-LGEQW', 'Female', 0, 'No', '0'),
('7055-VKGDA', 'Male', 0, 'No', '0'),
('7056-IMHCC', 'Male', 1, 'Yes', '0'),
('7089-IVVAZ', 'Female', 0, 'No', '0'),
('7133-VBDCG', 'Female', 0, 'No', '0'),
('7137-RYLPP', 'Male', 1, 'Yes', '0'),
('7142-HVGBG', 'Male', 1, 'Yes', '0'),
('7153-OANIO', 'Male', 0, 'No', '0'),
('7206-GZCDC', 'Female', 1, 'No', '0'),
('7209-JCUDS', 'Male', 0, 'No', '0'),
('7235-NXZCP', 'Male', 1, 'No', '0'),
('7250-EQKIY', 'Female', 0, 'Yes', '2'),
('7254-IQWOZ', 'Male', 0, 'No', '0'),
('7274-RTAPZ', 'Male', 0, 'No', '0'),
('7294-TMAOP', 'Female', 0, 'No', '0'),
('7295-JOMMD', 'Female', 0, 'No', '0'),
('7317-GGVPB', 'Male', 0, 'Yes', '0'),
('7321-PKUYW', 'Female', 0, 'No', '0'),
('7330-WZLNC', 'Female', 0, 'No', '0'),
('7359-SSBJK', 'Female', 1, 'No', '0'),
('7377-DMMRI', 'Male', 0, 'No', '0'),
('7394-FKDNK', 'Female', 0, 'Yes', '0'),
('7459-RRWQZ', 'Female', 0, 'No', '0'),
('7481-ATQQS', 'Female', 1, 'No', '0'),
('7486-KSRVI', 'Male', 0, 'No', '0'),
('7488-MXJIV', 'Female', 0, 'No', '0'),
('7495-OOKFY', 'Female', 1, 'Yes', '1'),
('7503-QQRVF', 'Male', 1, 'Yes', '0'),
('7508-MYBOG', 'Male', 0, 'Yes', '0'),
('7517-SAWMO', 'Female', 0, 'Yes', '0'),
('7526-BEZQB', 'Male', 0, 'No', '0'),
('7534-BFESC', 'Male', 1, 'No', '0'),
('7538-GWHML', 'Female', 0, 'No', '0'),
('7547-EKNFS', 'Male', 0, 'Yes', '0'),
('7548-SEPYI', 'Female', 0, 'No', '0'),
('7549-MYGPK', 'Female', 0, 'Yes', '0'),
('7551-DACSP', 'Male', 0, 'Yes', '1'),
('7563-BIUPC', 'Male', 0, 'No', '0'),
('7579-OOPEC', 'Female', 1, 'Yes', '0'),
('7587-RZNME', 'Male', 0, 'No', '0'),
('7593-JNWRU', 'Male', 0, 'Yes', '1'),
('7594-RQHXR', 'Female', 0, 'No', '0'),
('7598-UAASY', 'Male', 0, 'Yes', '0'),
('7603-USHJS', 'Male', 0, 'No', '1'),
('7619-ODSGN', 'Male', 0, 'Yes', '2'),
('7657-DYEPJ', 'Male', 1, 'No', '0'),
('7694-VLBWQ', 'Male', 0, 'Yes', '0'),
('7703-ZEKEF', 'Male', 0, 'No', '0'),
('7716-YTYHG', 'Female', 0, 'Yes', '0'),
('7743-EXURX', 'Male', 0, 'Yes', '1'),
('7783-YKGDV', 'Female', 0, 'No', '0'),
('7825-GKXMW', 'Female', 0, 'No', '0'),
('7851-WZEKY', 'Female', 0, 'No', '0'),
('7854-EDSSA', 'Male', 0, 'No', '0'),
('7881-INRLC', 'Male', 0, 'No', '0'),
('7892-POOKP', 'Female', 0, 'Yes', '3'),
('7908-QCBCA', 'Female', 0, 'Yes', '0'),
('7912-SYRQT', 'Female', 0, 'No', '0'),
('7927-AUXBZ', 'Female', 0, 'No', '0'),
('7938-OUHIO', 'Male', 0, 'No', '0'),
('7943-RQCHR', 'Female', 0, 'No', '0'),
('7957-RYHQD', 'Female', 1, 'No', '0'),
('7963-GQRMY', 'Female', 0, 'Yes', '0'),
('8000-REIQB', 'Female', 1, 'No', '0'),
('8017-LXHFA', 'Female', 1, 'No', '0'),
('8019-ENHXU', 'Male', 0, 'Yes', '0'),
('8051-HJRLT', 'Female', 1, 'No', '0'),
('8058-JMEQO', 'Female', 1, 'No', '0'),
('8079-XRJRS', 'Male', 0, 'Yes', '0'),
('8080-DDEMJ', 'Male', 1, 'No', '0'),
('8098-LLAZX', 'Female', 1, 'No', '0'),
('8111-RKSPX', 'Male', 0, 'No', '0'),
('8149-RSOUN', 'Female', 0, 'No', '0'),
('8182-BJDSI', 'Female', 0, 'No', '0'),
('8225-BTJAU', 'Male', 1, 'No', '0'),
('8229-TNIQA', 'Female', 0, 'No', '0'),
('8257-RZAHR', 'Female', 0, 'Yes', '0'),
('8276-MQBYC', 'Male', 1, 'No', '0'),
('8280-MQRQN', 'Female', 0, 'No', '0'),
('8292-TYSPY', 'Male', 0, 'No', '0'),
('8357-EQXFO', 'Female', 0, 'No', '0'),
('8364-TRMMK', 'Female', 0, 'No', '0'),
('8374-XGEJJ', 'Male', 1, 'Yes', '0'),
('8375-DKEBR', 'Female', 1, 'No', '0'),
('8397-MVTAZ', 'Male', 0, 'Yes', '0'),
('8429-XIBUM', 'Male', 0, 'No', '0'),
('8436-BJUMM', 'Male', 0, 'Yes', '0'),
('8481-YYXWG', 'Female', 0, 'No', '0'),
('8496-EJAUI', 'Male', 0, 'No', '0'),
('8510-AWCXC', 'Female', 1, 'No', '0'),
('8519-QJGJD', 'Female', 0, 'No', '0'),
('8559-CIZFV', 'Male', 0, 'Yes', '0'),
('8563-IIOXK', 'Male', 0, 'Yes', '0'),
('8593-WHYHV', 'Male', 0, 'No', '0'),
('8601-QACRS', 'Female', 0, 'No', '0'),
('8603-IJWDN', 'Male', 0, 'No', '0'),
('8623-TMRBY', 'Male', 1, 'Yes', '0'),
('8624-GIOUT', 'Female', 0, 'No', '0'),
('8625-AZYZY', 'Male', 0, 'Yes', '0'),
('8634-CILSZ', 'Male', 0, 'No', '0'),
('8644-XLFBW', 'Male', 1, 'No', '0'),
('8696-JKZNU', 'Female', 1, 'No', '0'),
('8740-CRYFY', 'Male', 0, 'No', '0'),
('8749-JMNKX', 'Male', 1, 'Yes', '0'),
('8775-LHDJH', 'Female', 1, 'Yes', '0'),
('8802-UNOJF', 'Male', 1, 'No', '0'),
('8806-EAGWC', 'Male', 0, 'No', '0'),
('8818-XYFCQ', 'Male', 0, 'Yes', '0'),
('8824-RWFXJ', 'Male', 0, 'Yes', '0'),
('8835-VSDSE', 'Female', 0, 'Yes', '0'),
('8844-TONUD', 'Male', 0, 'Yes', '0'),
('8868-WOZGU', 'Male', 0, 'No', '0'),
('8878-HMWBV', 'Male', 0, 'No', '0'),
('8938-UMKPI', 'Female', 0, 'No', '0'),
('8943-URTMR', 'Female', 0, 'No', '0'),
('8945-GRKHX', 'Female', 0, 'No', '0'),
('8945-MUQUF', 'Male', 0, 'No', '0'),
('8949-JTMAY', 'Female', 0, 'No', '0'),
('8972-HJWNV', 'Female', 1, 'Yes', '0'),
('8988-ECPJR', 'Female', 1, 'Yes', '0'),
('9025-AOMKI', 'Female', 0, 'No', '0'),
('9053-JZFKV', 'Male', 0, 'No', '0'),
('9057-SIHCH', 'Female', 0, 'No', '0'),
('9095-HFAFX', 'Female', 0, 'No', '0'),
('9101-BWFSS', 'Female', 0, 'Yes', '0'),
('9103-TCIHJ', 'Female', 0, 'No', '0'),
('9134-CEQMF', 'Male', 1, 'Yes', '0'),
('9170-CCKOU', 'Male', 0, 'Yes', '0'),
('9172-ANCRX', 'Female', 0, 'No', '0'),
('9190-MFJLN', 'Male', 1, 'No', '0'),
('9210-IAHGH', 'Female', 0, 'No', '0'),
('9249-FXSCK', 'Female', 0, 'No', '0'),
('9254-RBFON', 'Female', 0, 'Yes', '0'),
('9269-CQOOL', 'Male', 0, 'No', '0'),
('9282-IZGQK', 'Female', 0, 'No', '0'),
('9300-RENDD', 'Male', 0, 'No', '0'),
('9317-WZPGV', 'Female', 1, 'No', '0'),
('9330-IJWIO', 'Female', 0, 'No', '0'),
('9360-AHGNL', 'Female', 1, 'Yes', '0'),
('9367-WXLCH', 'Male', 0, 'No', '2'),
('9391-EOYLI', 'Male', 1, 'Yes', '0'),
('9436-ZBZCT', 'Male', 0, 'No', '0'),
('9451-LPGOO', 'Male', 0, 'No', '0'),
('9465-RWMXL', 'Male', 0, 'Yes', '0'),
('9474-PHLYD', 'Female', 0, 'No', '0'),
('9488-HGMJH', 'Female', 1, 'No', '0'),
('9497-QCMMS', 'Male', 1, 'No', '0'),
('9507-EXLTT', 'Female', 0, 'Yes', '0'),
('9526-JAWYF', 'Male', 0, 'No', '0'),
('9530-EHPOH', 'Male', 0, 'No', '0'),
('9565-DJPIB', 'Female', 0, 'No', '0'),
('9574-RKJIF', 'Male', 0, 'Yes', '0'),
('9600-UDOPK', 'Male', 0, 'Yes', '0'),
('9601-BRXPO', 'Female', 0, 'Yes', '0'),
('9658-WYUFB', 'Female', 0, 'No', '0'),
('9661-ACXBS', 'Female', 0, 'No', '0'),
('9685-WKZGT', 'Male', 1, 'No', '0'),
('9689-PTNPG', 'Male', 0, 'No', '0'),
('9692-TUSXH', 'Female', 0, 'No', '0'),
('9710-ZUSHQ', 'Female', 1, 'No', '0'),
('9725-SCPZG', 'Male', 0, 'No', '0'),
('9763-PDTKK', 'Female', 0, 'No', '0'),
('9787-XVQIU', 'Male', 0, 'No', '0'),
('9801-GDWGV', 'Female', 0, 'No', '0'),
('9809-IMGCQ', 'Male', 1, 'No', '0'),
('9821-POOTN', 'Male', 0, 'Yes', '0'),
('9824-BEMCV', 'Male', 0, 'Yes', '0'),
('9846-GKXAS', 'Female', 0, 'No', '0'),
('9866-QEVEE', 'Male', 0, 'No', '0'),
('9874-QLCLH', 'Female', 0, 'Yes', '0'),
('9878-TNQGW', 'Male', 0, 'No', '0'),
('9885-CSMWE', 'Female', 1, 'No', '0'),
('9894-EZEWG', 'Female', 0, 'No', '0'),
('9897-KXHCM', 'Female', 0, 'Yes', '0'),
('9912-GVSEQ', 'Female', 1, 'Yes', '0'),
('9940-HPQPG', 'Female', 0, 'Yes', '0'),
('9940-RHLFB', 'Female', 0, 'No', '0'),
('9944-HKVVB', 'Female', 0, 'No', '0'),
('9947-OTFQU', 'Male', 1, 'No', '0'),
('9985-MWVIX', 'Female', 0, 'No', '0'),
('9992-RRAMN', 'Male', 0, 'Yes', '0');

-- --------------------------------------------------------

--
-- Table structure for table `dim_date`
--

CREATE TABLE `dim_date` (
  `date_id` int(11) NOT NULL,
  `churn_year` int(11) DEFAULT NULL,
  `churn_month` varchar(20) DEFAULT NULL,
  `churn_quarter` varchar(10) DEFAULT NULL
) ENGINE=InnoDB DEFAULT CHARSET=utf8mb4 COLLATE=utf8mb4_general_ci;

--
-- Dumping data for table `dim_date`
--

INSERT INTO `dim_date` (`date_id`, `churn_year`, `churn_month`, `churn_quarter`) VALUES
(1, 2022, 'June', 'Q2');

-- --------------------------------------------------------

--
-- Table structure for table `dim_location`
--

CREATE TABLE `dim_location` (
  `location_id` int(11) NOT NULL,
  `city` varchar(50) DEFAULT NULL
) ENGINE=InnoDB DEFAULT CHARSET=utf8mb4 COLLATE=utf8mb4_general_ci;

--
-- Dumping data for table `dim_location`
--

INSERT INTO `dim_location` (`location_id`, `city`) VALUES
(1, 'Costa Mesa'),
(2, 'Martinez'),
(3, 'North Hollywood'),
(4, 'Valyermo'),
(5, 'Big Oak Flat'),
(6, 'Lodi'),
(7, 'Fairfield'),
(8, 'Moorpark'),
(9, 'Solvang'),
(10, 'Armona'),
(11, 'Mckinleyville'),
(12, 'San Diego'),
(13, 'Escondido'),
(14, 'Buellton'),
(15, 'Ludlow'),
(16, 'Anderson'),
(17, 'San Francisco'),
(18, 'Lake Hughes'),
(19, 'San Jose'),
(20, 'Los Alamitos'),
(21, 'La Habra'),
(22, 'Visalia'),
(23, 'Los Gatos'),
(24, 'Pinecrest'),
(25, 'Canyon Dam'),
(26, 'Anza'),
(27, 'Forest Ranch'),
(28, 'Comptche'),
(29, 'Wasco'),
(30, 'Newhall'),
(31, 'Elk Grove'),
(32, 'Wilton'),
(33, 'Douglas City'),
(34, 'White Water'),
(35, 'Mojave'),
(36, 'Alviso'),
(37, 'Buena Park'),
(38, 'Richmond'),
(39, 'Los Angeles'),
(40, 'Dutch Flat'),
(41, 'Norco'),
(42, 'Yermo'),
(43, 'Adin'),
(44, 'Woodland'),
(45, 'Corona Del Mar'),
(46, 'Garden Grove'),
(47, 'Columbia'),
(48, 'Pine Grove'),
(49, 'Lucerne Valley'),
(50, 'Coalinga'),
(51, 'Westlake Village'),
(52, 'Santa Ana'),
(53, 'Winters'),
(54, 'Palmdale'),
(55, 'Thousand Palms'),
(56, 'Bodfish'),
(57, 'Sierra City'),
(58, 'Angelus Oaks'),
(59, 'Westwood'),
(60, 'Grimes'),
(61, 'Fall River Mills'),
(62, 'La Puente'),
(63, 'Lakehead'),
(64, 'Lafayette'),
(65, 'Planada'),
(66, 'La Grange'),
(67, 'Huntington Park'),
(68, 'Somis'),
(69, 'Old Station'),
(70, 'Fellows'),
(71, 'Emeryville'),
(72, 'Lake Forest'),
(73, 'San Lucas'),
(74, 'Modesto'),
(75, 'San Ramon'),
(76, 'Downey'),
(77, 'Shaver Lake'),
(78, 'Los Molinos'),
(79, 'Shafter'),
(80, 'Acampo'),
(81, 'Fallbrook'),
(82, 'Wheatland'),
(83, 'Cupertino'),
(84, 'Hickman'),
(85, 'Sacramento'),
(86, 'Santa Rosa'),
(87, 'Santa Barbara'),
(88, 'San Dimas'),
(89, 'Shoshone'),
(90, 'Whittier'),
(91, 'Pacoima'),
(92, 'Mira Loma'),
(93, 'Palm Springs'),
(94, 'Temecula'),
(95, 'Imperial Beach'),
(96, 'Pauma Valley'),
(97, 'Corcoran'),
(98, 'Madera'),
(99, 'Perris'),
(100, 'Orangevale'),
(101, 'Redlands'),
(102, 'Tujunga'),
(103, 'Byron'),
(104, 'Templeton'),
(105, 'Igo'),
(106, 'Merced'),
(107, 'Exeter'),
(108, 'Big Bend'),
(109, 'Pasadena'),
(110, 'Novato'),
(111, 'Rio Vista'),
(112, 'Carson'),
(113, 'Camino'),
(114, 'San Mateo'),
(115, 'Stevinson'),
(116, 'Calistoga'),
(117, 'Carmel'),
(118, 'Piru'),
(119, 'Riverdale'),
(120, 'Irvine'),
(121, 'Running Springs'),
(122, 'Meadow Vista'),
(123, 'Lakewood'),
(124, 'Big Bear City'),
(125, 'Gualala'),
(126, 'Dublin'),
(127, 'Santa Clarita'),
(128, 'Catheys Valley'),
(129, 'Murphys'),
(130, 'Ventura'),
(131, 'Dana Point'),
(132, 'Tehachapi'),
(133, 'Rio Dell'),
(134, 'March Air Reserve Base'),
(135, 'Graton'),
(136, 'Mount Laguna'),
(137, 'Termo'),
(138, 'Tahoe Vista'),
(139, 'Chualar'),
(140, 'Bloomington'),
(141, 'Simi Valley'),
(142, 'Newport Coast'),
(143, 'Sloughhouse'),
(144, 'Vallejo'),
(145, 'Hemet'),
(146, 'Fresno'),
(147, 'Greenview'),
(148, 'Hopland'),
(149, 'Platina'),
(150, 'Mc Kittrick'),
(151, 'Sutter Creek'),
(152, 'Morro Bay'),
(153, 'Independence'),
(154, 'Riverside'),
(155, 'Berkeley'),
(156, 'South Pasadena'),
(157, 'Ontario'),
(158, 'Angels Camp'),
(159, 'Valencia'),
(160, 'Five Points'),
(161, 'Hathaway Pines'),
(162, 'Grass Valley'),
(163, 'Rancho Cordova'),
(164, 'Alpine'),
(165, 'Lomita'),
(166, 'Valley Ford'),
(167, 'South Dos Palos'),
(168, 'Fontana'),
(169, 'Calexico'),
(170, 'Clements'),
(171, 'Cottonwood'),
(172, 'Santa Monica'),
(173, 'La Mesa'),
(174, 'Bakersfield'),
(175, 'Diamond Springs'),
(176, 'Dobbins'),
(177, 'Pebble Beach'),
(178, 'Mill Creek'),
(179, 'Hayward'),
(180, 'Travis Afb'),
(181, 'Pearblossom'),
(182, 'Monrovia'),
(183, 'Aromas'),
(184, 'Redwood City'),
(185, 'Yorba Linda'),
(186, 'Carmel By The Sea'),
(187, 'Sausalito'),
(188, 'San Bernardino'),
(189, 'Brownsville'),
(190, 'Santa Paula'),
(191, 'Rowland Heights'),
(192, 'Porter Ranch'),
(193, 'Marina'),
(194, 'Castaic'),
(195, 'Crows Landing'),
(196, 'Torrance'),
(197, 'Paynes Creek'),
(198, 'Mountain View'),
(199, 'Long Beach'),
(200, 'Somes Bar'),
(201, 'San Leandro'),
(202, 'Camp Nelson'),
(203, 'Campo'),
(204, 'Long Barn'),
(205, 'Shingletown'),
(206, 'Denair'),
(207, 'Atwater'),
(208, 'San Pedro'),
(209, 'Glencoe'),
(210, 'Daggett'),
(211, 'La Palma'),
(212, 'Callahan'),
(213, 'Olema'),
(214, 'Biola'),
(215, 'Newport Beach'),
(216, 'Pacific Palisades'),
(217, 'Mentone'),
(218, 'Boulder Creek'),
(219, 'Greenfield'),
(220, 'Pismo Beach'),
(221, 'Lemon Cove'),
(222, 'Pico Rivera'),
(223, 'Ducor'),
(224, 'Sunnyvale'),
(225, 'Summerland'),
(226, 'Fair Oaks'),
(227, 'Witter Springs'),
(228, 'Walnut'),
(229, 'Frazier Park'),
(230, 'Inglewood'),
(231, 'Phelan'),
(232, 'Oakland'),
(233, 'Gustine'),
(234, 'Malibu'),
(235, 'Tuolumne'),
(236, 'Miranda'),
(237, 'Lompoc'),
(238, 'Delano'),
(239, 'Butte City'),
(240, 'Calimesa'),
(241, 'Lockeford'),
(242, 'Clovis'),
(243, 'Silverado'),
(244, 'Farmersville'),
(245, 'Miramonte'),
(246, 'Alpaugh'),
(247, 'Stockton'),
(248, 'Victorville'),
(249, 'Echo Lake'),
(250, 'Huntington Beach'),
(251, 'Los Osos'),
(252, 'Moreno Valley'),
(253, 'Caliente'),
(254, 'Challenge'),
(255, 'Woody'),
(256, 'Applegate'),
(257, 'Weaverville'),
(258, 'Ladera Ranch'),
(259, 'Smith River'),
(260, 'Mi Wuk Village'),
(261, 'Hermosa Beach'),
(262, 'Thermal'),
(263, 'Canoga Park'),
(264, 'Alhambra'),
(265, 'Squaw Valley'),
(266, 'Clipper Mills'),
(267, 'Delhi'),
(268, 'Yuba City'),
(269, 'Mcarthur'),
(270, 'Sierraville'),
(271, 'Fremont'),
(272, 'West Covina'),
(273, 'Canby'),
(274, 'San Ysidro'),
(275, 'Seal Beach'),
(276, 'Pomona'),
(277, 'Yucaipa'),
(278, 'Danville'),
(279, 'Marshall'),
(280, 'Citrus Heights'),
(281, 'Brea'),
(282, 'French Camp'),
(283, 'El Segundo'),
(284, 'Keene'),
(285, 'Burney'),
(286, 'Antioch'),
(287, 'Heber'),
(288, 'Hughson'),
(289, 'Rodeo'),
(290, 'Valley Springs'),
(291, 'Orosi'),
(292, 'El Monte'),
(293, 'Mariposa'),
(294, 'Placentia'),
(295, 'Lebec'),
(296, 'Rosemead'),
(297, 'Sherman Oaks'),
(298, 'Moraga'),
(299, 'Navarro'),
(300, 'Indian Wells'),
(301, 'Plymouth'),
(302, 'San Lorenzo'),
(303, 'Compton'),
(304, 'Claremont'),
(305, 'Eagleville'),
(306, 'Poway'),
(307, 'Fulton'),
(308, 'Sun City'),
(309, 'Santa Cruz'),
(310, 'Pleasanton'),
(311, 'Orinda'),
(312, 'Kings Beach'),
(313, 'Spring Valley'),
(314, 'Vina'),
(315, 'North Palm Springs'),
(316, 'Pollock Pines'),
(317, 'Canyon Country'),
(318, 'Clarksburg'),
(319, 'Cantua Creek'),
(320, 'Paskenta'),
(321, 'Mendocino'),
(322, 'Loleta'),
(323, 'Hornbrook'),
(324, 'Redding'),
(325, 'Castro Valley'),
(326, 'Lotus'),
(327, 'Branscomb'),
(328, 'Red Bluff'),
(329, 'Folsom'),
(330, 'Patterson'),
(331, 'Granada Hills'),
(332, 'Lawndale'),
(333, 'Caspar'),
(334, 'Hat Creek'),
(335, 'Pala'),
(336, 'Covina'),
(337, 'San Gabriel'),
(338, 'Foothill Ranch'),
(339, 'Coronado'),
(340, 'Oxnard'),
(341, 'Glendale'),
(342, 'Mill Valley'),
(343, 'Davis'),
(344, 'Bellflower'),
(345, 'Wrightwood'),
(346, 'Pleasant Grove'),
(347, 'Dorris'),
(348, 'Stinson Beach'),
(349, 'Arnold'),
(350, 'Union City'),
(351, 'Albany'),
(352, 'Hume'),
(353, 'Twain'),
(354, 'Annapolis'),
(355, 'Duarte'),
(356, 'Pinole'),
(357, 'Chula Vista'),
(358, 'Seeley'),
(359, 'Lake Elsinore'),
(360, 'Montebello'),
(361, 'Philo'),
(362, 'Walnut Creek'),
(363, 'Porterville'),
(364, 'Nice'),
(365, 'Corona'),
(366, 'Huron'),
(367, 'Van Nuys'),
(368, 'Carpinteria'),
(369, 'Redway'),
(370, 'Twentynine Palms'),
(371, 'Tollhouse'),
(372, 'Vallecito'),
(373, 'Wendel'),
(374, 'Klamath River'),
(375, 'Trinidad'),
(376, 'Cedar Glen'),
(377, 'Kirkwood'),
(378, 'Concord'),
(379, 'Lewiston'),
(380, 'Seaside'),
(381, 'Trabuco Canyon'),
(382, 'Lathrop'),
(383, 'San Rafael'),
(384, 'Carmichael'),
(385, 'South Lake Tahoe'),
(386, 'Sugarloaf'),
(387, 'Burlingame'),
(388, 'Northridge'),
(389, 'Davenport'),
(390, 'Walnut Grove'),
(391, 'Napa'),
(392, 'Sunset Beach'),
(393, 'King City'),
(394, 'Riverbank');

-- --------------------------------------------------------

--
-- Table structure for table `dim_payment`
--

CREATE TABLE `dim_payment` (
  `payment_id` int(11) NOT NULL,
  `payment_method` varchar(100) DEFAULT NULL
) ENGINE=InnoDB DEFAULT CHARSET=utf8mb4 COLLATE=utf8mb4_general_ci;

--
-- Dumping data for table `dim_payment`
--

INSERT INTO `dim_payment` (`payment_id`, `payment_method`) VALUES
(1, 'Bank Withdrawal'),
(2, 'Mailed Check'),
(3, 'Credit Card');

-- --------------------------------------------------------

--
-- Table structure for table `dim_service`
--

CREATE TABLE `dim_service` (
  `service_id` int(11) NOT NULL,
  `phone_service` tinyint(4) DEFAULT NULL,
  `multiple_lines` varchar(20) DEFAULT NULL,
  `internet_service` tinyint(4) DEFAULT NULL,
  `online_security` varchar(20) DEFAULT NULL,
  `online_backup` varchar(20) DEFAULT NULL,
  `device_protection` varchar(20) DEFAULT NULL,
  `tech_support` varchar(20) DEFAULT NULL,
  `streaming_tv` varchar(20) DEFAULT NULL,
  `streaming_movies` varchar(20) DEFAULT NULL,
  `contract` varchar(20) DEFAULT NULL,
  `paperless_billing` varchar(10) DEFAULT NULL
) ENGINE=InnoDB DEFAULT CHARSET=utf8mb4 COLLATE=utf8mb4_general_ci;

--
-- Dumping data for table `dim_service`
--

INSERT INTO `dim_service` (`service_id`, `phone_service`, `multiple_lines`, `internet_service`, `online_security`, `online_backup`, `device_protection`, `tech_support`, `streaming_tv`, `streaming_movies`, `contract`, `paperless_billing`) VALUES
(1, 1, 'No', 1, 'No', 'No', 'Yes', 'No', 'No', 'No', 'Month-to-Month', 'Yes'),
(2, 1, 'No', 1, 'No', 'Yes', 'Yes', 'No', 'Yes', 'Yes', 'Month-to-Month', 'Yes'),
(3, 1, 'No', 1, 'No', 'Yes', 'No', 'No', 'Yes', 'Yes', 'Month-to-Month', 'Yes'),
(4, 1, 'Yes', 1, 'Yes', 'No', 'Yes', 'Yes', 'Yes', 'Yes', 'One Year', 'No'),
(5, 1, 'No', 1, 'No', 'No', 'Yes', 'Yes', 'Yes', 'Yes', 'Month-to-Month', 'Yes'),
(6, 1, 'Yes', 1, 'No', 'Yes', 'No', 'No', 'Yes', 'No', 'Month-to-Month', 'Yes'),
(7, 1, 'Yes', 1, 'No', 'Yes', 'No', 'No', 'No', 'No', 'Month-to-Month', 'Yes'),
(8, 1, 'No', 1, 'No', 'No', 'No', 'No', 'No', 'No', 'Month-to-Month', 'No'),
(9, 1, 'No', 1, 'Yes', 'No', 'No', 'Yes', 'No', 'No', 'Month-to-Month', 'Yes'),
(10, 1, 'Yes', 1, 'No', 'No', 'No', 'No', 'No', 'Yes', 'Month-to-Month', 'Yes'),
(11, 1, 'Yes', 1, 'Yes', 'Yes', 'Yes', 'Yes', 'Yes', 'Yes', 'One Year', 'No'),
(12, 1, 'Yes', 1, 'No', 'Yes', 'Yes', 'No', 'No', 'No', 'Month-to-Month', 'Yes'),
(13, 1, 'No', 1, 'No', 'No', 'Yes', 'No', 'No', 'Yes', 'Month-to-Month', 'Yes'),
(14, 1, 'No', 1, 'No', 'No', 'Yes', 'No', 'Yes', 'No', 'Month-to-Month', 'Yes'),
(15, 1, 'No', 1, 'No', 'No', 'No', 'No', 'No', 'Yes', 'Month-to-Month', 'Yes'),
(16, 1, 'Yes', 1, 'No', 'No', 'No', 'No', 'Yes', 'No', 'Month-to-Month', 'Yes'),
(17, 1, 'Yes', 1, 'No', 'No', 'No', 'No', 'No', 'No', 'Month-to-Month', 'Yes'),
(18, 1, 'Yes', 1, 'Yes', 'Yes', 'No', 'Yes', 'Yes', 'Yes', 'Month-to-Month', 'Yes'),
(19, 1, 'No', 1, 'Yes', 'Yes', 'Yes', 'No', 'No', 'No', 'One Year', 'No'),
(20, 1, 'No', 1, 'No', 'No', 'No', 'No', 'No', 'No', 'Month-to-Month', 'Yes'),
(21, 1, 'Yes', 1, 'No', 'Yes', 'No', 'No', 'Yes', 'Yes', 'One Year', 'Yes'),
(22, 1, 'Yes', 1, 'No', 'No', 'No', 'No', 'No', 'No', 'Month-to-Month', 'No'),
(23, 1, 'Yes', 1, 'Yes', 'Yes', 'Yes', 'Yes', 'No', 'Yes', 'One Year', 'Yes'),
(24, 1, 'No', 1, 'No', 'No', 'No', 'No', 'Yes', 'Yes', 'Month-to-Month', 'Yes'),
(25, 1, 'No', 1, 'Yes', 'No', 'No', 'No', 'No', 'No', 'Month-to-Month', 'Yes'),
(26, 1, 'No', 1, 'Yes', 'No', 'No', 'No', 'No', 'Yes', 'Month-to-Month', 'No'),
(27, 1, 'Yes', 1, 'No', 'Yes', 'Yes', 'No', 'No', 'Yes', 'Month-to-Month', 'Yes'),
(28, 1, 'Yes', 1, 'Yes', 'Yes', 'Yes', 'No', 'Yes', 'No', 'Month-to-Month', 'Yes'),
(29, 1, 'Yes', 1, 'No', 'Yes', 'Yes', 'No', 'Yes', 'Yes', 'Month-to-Month', 'No'),
(30, 1, 'Yes', 1, 'No', 'No', 'Yes', 'No', 'Yes', 'Yes', 'Month-to-Month', 'Yes'),
(31, 1, 'Yes', 1, 'Yes', 'Yes', 'Yes', 'No', 'No', 'Yes', 'One Year', 'No'),
(32, 1, 'Yes', 1, 'No', 'Yes', 'No', 'No', 'Yes', 'Yes', 'Month-to-Month', 'Yes'),
(33, 1, 'Yes', 1, 'Yes', 'No', 'Yes', 'Yes', 'No', 'No', 'Month-to-Month', 'Yes'),
(34, 1, 'No', 1, 'No', 'Yes', 'Yes', 'No', 'No', 'No', 'Month-to-Month', 'Yes'),
(35, 1, 'No', 1, 'No', 'No', 'Yes', 'Yes', 'Yes', 'No', 'Month-to-Month', 'Yes'),
(36, 1, 'Yes', 1, 'Yes', 'Yes', 'No', 'Yes', 'No', 'No', 'One Year', 'Yes'),
(37, 1, 'No', 1, 'Yes', 'No', 'No', 'Yes', 'No', 'No', 'Month-to-Month', 'No'),
(38, 1, 'No', 1, 'No', 'No', 'No', 'Yes', 'No', 'Yes', 'Month-to-Month', 'Yes'),
(39, 1, 'Yes', 1, 'No', 'No', 'Yes', 'No', 'Yes', 'Yes', 'Month-to-Month', 'No'),
(40, 1, 'No', 1, 'No', 'Yes', 'No', 'No', 'Yes', 'No', 'Month-to-Month', 'No'),
(41, 1, 'No', 1, 'No', 'No', 'Yes', 'No', 'No', 'No', 'Month-to-Month', 'No'),
(42, 1, 'No', 1, 'No', 'No', 'Yes', 'No', 'Yes', 'Yes', 'Month-to-Month', 'No'),
(43, 1, 'Yes', 1, 'No', 'Yes', 'No', 'No', 'No', 'Yes', 'Month-to-Month', 'No'),
(44, 1, 'No', 1, 'No', 'Yes', 'No', 'Yes', 'No', 'No', 'Month-to-Month', 'Yes'),
(45, 1, 'No', 1, 'No', 'No', 'No', 'Yes', 'Yes', 'No', 'Month-to-Month', 'Yes'),
(46, 1, 'No', 1, 'No', 'No', 'No', 'Yes', 'No', 'No', 'Month-to-Month', 'Yes'),
(47, 1, 'No', 1, 'No', 'Yes', 'No', 'No', 'No', 'No', 'Month-to-Month', 'Yes'),
(48, 1, 'No', 1, 'No', 'No', 'No', 'No', 'No', 'Yes', 'Month-to-Month', 'No'),
(49, 1, 'Yes', 1, 'No', 'No', 'No', 'No', 'Yes', 'Yes', 'Month-to-Month', 'Yes'),
(50, 1, 'Yes', 1, 'No', 'No', 'Yes', 'No', 'No', 'No', 'Month-to-Month', 'Yes'),
(51, 1, 'Yes', 1, 'No', 'No', 'Yes', 'Yes', 'Yes', 'Yes', 'Month-to-Month', 'Yes'),
(52, 1, 'Yes', 1, 'No', 'No', 'No', 'Yes', 'No', 'No', 'Month-to-Month', 'No'),
(53, 1, 'Yes', 1, 'No', 'No', 'No', 'Yes', 'No', 'Yes', 'Month-to-Month', 'Yes'),
(54, 1, 'Yes', 1, 'No', 'No', 'Yes', 'No', 'Yes', 'No', 'Month-to-Month', 'No'),
(55, 1, 'No', 1, 'Yes', 'Yes', 'Yes', 'No', 'Yes', 'Yes', 'One Year', 'Yes'),
(56, 1, 'No', 1, 'No', 'No', 'Yes', 'Yes', 'No', 'Yes', 'Month-to-Month', 'Yes'),
(57, 1, 'No', 1, 'Yes', 'Yes', 'No', 'No', 'Yes', 'Yes', 'Month-to-Month', 'Yes'),
(58, 1, 'Yes', 1, 'No', 'No', 'Yes', 'Yes', 'No', 'No', 'Month-to-Month', 'No'),
(59, 1, 'Yes', 1, 'Yes', 'Yes', 'Yes', 'Yes', 'Yes', 'Yes', 'Two Year', 'Yes'),
(60, 1, 'Yes', 1, 'No', 'No', 'Yes', 'No', 'Yes', 'No', 'Month-to-Month', 'Yes'),
(61, 1, 'Yes', 1, 'No', 'Yes', 'No', 'Yes', 'No', 'No', 'Month-to-Month', 'No'),
(62, 1, 'No', 1, 'No', 'No', 'No', 'Yes', 'No', 'No', 'Month-to-Month', 'No'),
(63, 1, 'No', 1, 'No', 'No', 'Yes', 'Yes', 'Yes', 'Yes', 'Month-to-Month', 'No'),
(64, 1, 'No', 1, 'No', 'Yes', 'No', 'Yes', 'No', 'Yes', 'Month-to-Month', 'Yes'),
(65, 1, 'No', 1, 'No', 'No', 'No', 'No', 'Yes', 'No', 'Month-to-Month', 'Yes'),
(66, 1, 'No', 1, 'No', 'No', 'No', 'Yes', 'Yes', 'No', 'One Year', 'Yes'),
(67, 1, 'Yes', 1, 'No', 'Yes', 'No', 'Yes', 'No', 'Yes', 'Month-to-Month', 'Yes'),
(68, 1, 'No', 1, 'No', 'No', 'No', 'No', 'Yes', 'No', 'Month-to-Month', 'No'),
(69, 1, 'No', 1, 'No', 'Yes', 'Yes', 'No', 'Yes', 'No', 'Month-to-Month', 'Yes'),
(70, 1, 'Yes', 1, 'No', 'Yes', 'No', 'Yes', 'Yes', 'Yes', 'Month-to-Month', 'No'),
(71, 1, 'Yes', 1, 'No', 'Yes', 'Yes', 'Yes', 'Yes', 'Yes', 'One Year', 'Yes'),
(72, 1, 'No', 1, 'No', 'Yes', 'Yes', 'No', 'Yes', 'Yes', 'Month-to-Month', 'No'),
(73, 1, 'No', 1, 'No', 'No', 'Yes', 'No', 'Yes', 'Yes', 'One Year', 'Yes'),
(74, 1, 'No', 1, 'Yes', 'No', 'No', 'No', 'No', 'No', 'Month-to-Month', 'No'),
(75, 1, 'No', 1, 'Yes', 'Yes', 'Yes', 'No', 'No', 'No', 'Month-to-Month', 'No'),
(76, 1, 'Yes', 1, 'No', 'No', 'Yes', 'No', 'Yes', 'Yes', 'One Year', 'Yes'),
(77, 1, 'No', 1, 'No', 'Yes', 'No', 'No', 'No', 'No', 'Month-to-Month', 'No'),
(78, 1, 'Yes', 1, 'Yes', 'Yes', 'Yes', 'Yes', 'No', 'No', 'Two Year', 'No'),
(79, 1, 'No', 1, 'Yes', 'No', 'Yes', 'Yes', 'Yes', 'No', 'One Year', 'Yes'),
(80, 1, 'Yes', 1, 'No', 'Yes', 'Yes', 'No', 'Yes', 'Yes', 'One Year', 'Yes'),
(81, 1, 'No', 1, 'Yes', 'Yes', 'No', 'Yes', 'Yes', 'Yes', 'One Year', 'No'),
(82, 1, 'No', 1, 'Yes', 'No', 'No', 'No', 'Yes', 'Yes', 'One Year', 'Yes'),
(83, 1, 'No', 1, 'No', 'Yes', 'No', 'No', 'Yes', 'No', 'Month-to-Month', 'Yes'),
(84, 1, 'Yes', 1, 'Yes', 'Yes', 'Yes', 'No', 'Yes', 'Yes', 'One Year', 'Yes'),
(85, 1, 'Yes', 1, 'Yes', 'No', 'No', 'No', 'No', 'No', 'Month-to-Month', 'Yes'),
(86, 1, 'Yes', 1, 'No', 'Yes', 'Yes', 'No', 'Yes', 'No', 'Month-to-Month', 'Yes'),
(87, 1, 'Yes', 1, 'Yes', 'No', 'Yes', 'No', 'No', 'No', 'Month-to-Month', 'Yes'),
(88, 1, 'No', 1, 'Yes', 'Yes', 'Yes', 'Yes', 'No', 'Yes', 'Month-to-Month', 'Yes'),
(89, 1, 'Yes', 1, 'No', 'No', 'No', 'No', 'Yes', 'Yes', 'Two Year', 'Yes'),
(90, 1, 'Yes', 1, 'No', 'Yes', 'No', 'Yes', 'Yes', 'No', 'Two Year', 'Yes'),
(91, 1, 'No', 1, 'No', 'Yes', 'No', 'No', 'No', 'Yes', 'Month-to-Month', 'No'),
(92, 1, 'Yes', 1, 'No', 'Yes', 'No', 'No', 'Yes', 'Yes', 'One Year', 'No'),
(93, 1, 'Yes', 1, 'No', 'No', 'No', 'No', 'Yes', 'Yes', 'Month-to-Month', 'No'),
(94, 1, 'Yes', 1, 'Yes', 'No', 'Yes', 'Yes', 'Yes', 'Yes', 'Two Year', 'Yes'),
(95, 1, 'No', 1, 'No', 'No', 'Yes', 'No', 'Yes', 'Yes', 'Month-to-Month', 'Yes'),
(96, 1, 'Yes', 1, 'No', 'No', 'Yes', 'Yes', 'No', 'No', 'Month-to-Month', 'Yes'),
(97, 1, 'Yes', 1, 'Yes', 'No', 'Yes', 'Yes', 'No', 'No', 'Month-to-Month', 'No'),
(98, 1, 'Yes', 1, 'Yes', 'No', 'Yes', 'No', 'Yes', 'No', 'Month-to-Month', 'No'),
(99, 1, 'Yes', 1, 'Yes', 'No', 'No', 'No', 'Yes', 'Yes', 'Month-to-Month', 'Yes'),
(100, 1, 'No', 1, 'Yes', 'No', 'Yes', 'No', 'No', 'No', 'Month-to-Month', 'No'),
(101, 1, 'Yes', 1, 'No', 'No', 'No', 'No', 'No', 'Yes', 'Month-to-Month', 'No'),
(102, 1, 'Yes', 1, 'No', 'No', 'Yes', 'Yes', 'Yes', 'Yes', 'One Year', 'Yes'),
(103, 1, 'Yes', 1, 'No', 'Yes', 'Yes', 'No', 'No', 'No', 'One Year', 'No'),
(104, 1, 'Yes', 1, 'Yes', 'No', 'No', 'Yes', 'Yes', 'Yes', 'Month-to-Month', 'Yes'),
(105, 1, 'No', 1, 'No', 'Yes', 'Yes', 'No', 'Yes', 'No', 'One Year', 'No'),
(106, 1, 'No', 1, 'No', 'Yes', 'No', 'Yes', 'Yes', 'No', 'Month-to-Month', 'No'),
(107, 1, 'Yes', 1, 'No', 'Yes', 'Yes', 'Yes', 'Yes', 'Yes', 'Two Year', 'Yes'),
(108, 1, 'Yes', 1, 'No', 'Yes', 'No', 'No', 'No', 'No', 'Month-to-Month', 'No'),
(109, 1, 'Yes', 1, 'No', 'Yes', 'Yes', 'No', 'Yes', 'Yes', 'Two Year', 'Yes'),
(110, 1, 'Yes', 1, 'No', 'No', 'No', 'No', 'No', 'Yes', 'One Year', 'No'),
(111, 1, 'Yes', 1, 'Yes', 'Yes', 'No', 'No', 'Yes', 'Yes', 'One Year', 'No'),
(112, 1, 'Yes', 1, 'No', 'Yes', 'Yes', 'Yes', 'Yes', 'Yes', 'Month-to-Month', 'Yes'),
(113, 1, 'Yes', 1, 'Yes', 'No', 'No', 'Yes', 'No', 'Yes', 'One Year', 'Yes'),
(114, 1, 'Yes', 1, 'No', 'Yes', 'Yes', 'Yes', 'No', 'No', 'Month-to-Month', 'No'),
(115, 1, 'No', 1, 'Yes', 'Yes', 'No', 'Yes', 'No', 'No', 'Two Year', 'No'),
(116, 1, 'Yes', 1, 'Yes', 'No', 'Yes', 'No', 'Yes', 'Yes', 'Month-to-Month', 'No'),
(117, 1, 'Yes', 1, 'Yes', 'No', 'Yes', 'Yes', 'No', 'No', 'Two Year', 'No'),
(118, 1, 'Yes', 1, 'Yes', 'No', 'Yes', 'Yes', 'Yes', 'Yes', 'One Year', 'Yes'),
(119, 1, 'Yes', 1, 'No', 'Yes', 'Yes', 'No', 'Yes', 'Yes', 'Month-to-Month', 'Yes'),
(120, 1, 'No', 1, 'No', 'No', 'Yes', 'Yes', 'No', 'No', 'Month-to-Month', 'Yes'),
(121, 1, 'Yes', 1, 'No', 'Yes', 'No', 'Yes', 'Yes', 'Yes', 'One Year', 'Yes'),
(122, 1, 'Yes', 1, 'No', 'Yes', 'Yes', 'Yes', 'Yes', 'Yes', 'One Year', 'No'),
(123, 1, 'No', 1, 'No', 'Yes', 'No', 'No', 'Yes', 'Yes', 'One Year', 'Yes'),
(124, 1, 'Yes', 1, 'No', 'No', 'No', 'Yes', 'Yes', 'Yes', 'Month-to-Month', 'Yes'),
(125, 1, 'Yes', 1, 'Yes', 'No', 'No', 'Yes', 'No', 'Yes', 'Month-to-Month', 'No'),
(126, 1, 'No', 1, 'Yes', 'No', 'No', 'Yes', 'Yes', 'No', 'Month-to-Month', 'Yes'),
(127, 1, 'No', 1, 'Yes', 'No', 'Yes', 'No', 'No', 'No', 'Month-to-Month', 'Yes'),
(128, 1, 'Yes', 1, 'No', 'Yes', 'No', 'No', 'No', 'Yes', 'Month-to-Month', 'Yes'),
(129, 1, 'No', 1, 'Yes', 'Yes', 'No', 'No', 'No', 'No', 'Month-to-Month', 'No'),
(130, 1, 'Yes', 1, 'Yes', 'No', 'Yes', 'No', 'No', 'Yes', 'Month-to-Month', 'No'),
(131, 1, 'Yes', 1, 'No', 'Yes', 'Yes', 'Yes', 'No', 'Yes', 'One Year', 'Yes'),
(132, 1, 'Yes', 1, 'Yes', 'No', 'No', 'No', 'Yes', 'No', 'Month-to-Month', 'Yes'),
(133, 1, 'Yes', 1, 'No', 'No', 'Yes', 'No', 'No', 'No', 'Month-to-Month', 'No'),
(134, 1, 'Yes', 1, 'Yes', 'Yes', 'Yes', 'Yes', 'Yes', 'Yes', 'Month-to-Month', 'Yes'),
(135, 1, 'No', 1, 'Yes', 'No', 'No', 'No', 'Yes', 'No', 'Month-to-Month', 'Yes'),
(136, 1, 'No', 1, 'No', 'No', 'No', 'Yes', 'Yes', 'Yes', 'Month-to-Month', 'Yes'),
(137, 1, 'Yes', 1, 'No', 'No', 'No', 'Yes', 'Yes', 'No', 'Month-to-Month', 'Yes'),
(138, 1, 'Yes', 1, 'Yes', 'No', 'Yes', 'No', 'Yes', 'Yes', 'Month-to-Month', 'Yes'),
(139, 1, 'Yes', 1, 'No', 'Yes', 'No', 'No', 'Yes', 'Yes', 'Month-to-Month', 'No'),
(140, 1, 'No', 1, 'Yes', 'No', 'No', 'Yes', 'Yes', 'No', 'Month-to-Month', 'No'),
(141, 1, 'No', 1, 'Yes', 'Yes', 'No', 'No', 'No', 'No', 'Month-to-Month', 'Yes'),
(142, 1, 'Yes', 1, 'Yes', 'Yes', 'No', 'No', 'No', 'Yes', 'Month-to-Month', 'Yes'),
(143, 1, 'No', 1, 'Yes', 'Yes', 'Yes', 'Yes', 'No', 'No', 'Month-to-Month', 'No'),
(144, 1, 'No', 1, 'Yes', 'Yes', 'No', 'Yes', 'No', 'No', 'Month-to-Month', 'Yes'),
(145, 1, 'Yes', 1, 'Yes', 'Yes', 'No', 'No', 'Yes', 'Yes', 'One Year', 'Yes'),
(146, 1, 'No', 1, 'No', 'Yes', 'No', 'No', 'No', 'Yes', 'Month-to-Month', 'Yes'),
(147, 1, 'Yes', 1, 'Yes', 'No', 'No', 'Yes', 'Yes', 'Yes', 'Two Year', 'Yes'),
(148, 1, 'Yes', 1, 'Yes', 'No', 'Yes', 'No', 'Yes', 'Yes', 'One Year', 'Yes'),
(149, 1, 'Yes', 1, 'No', 'Yes', 'No', 'Yes', 'No', 'No', 'Month-to-Month', 'Yes'),
(150, 1, 'Yes', 1, 'Yes', 'Yes', 'No', 'Yes', 'Yes', 'Yes', 'One Year', 'No'),
(151, 1, 'Yes', 1, 'Yes', 'Yes', 'Yes', 'No', 'Yes', 'Yes', 'Two Year', 'Yes'),
(152, 1, 'Yes', 1, 'Yes', 'No', 'No', 'No', 'Yes', 'Yes', 'Month-to-Month', 'No'),
(153, 1, 'Yes', 1, 'Yes', 'Yes', 'No', 'Yes', 'No', 'Yes', 'One Year', 'No'),
(154, 1, 'Yes', 1, 'No', 'No', 'Yes', 'Yes', 'Yes', 'Yes', 'Month-to-Month', 'No'),
(155, 1, 'No', 1, 'Yes', 'No', 'No', 'Yes', 'Yes', 'Yes', 'Two Year', 'Yes'),
(156, 1, 'No', 1, 'No', 'Yes', 'Yes', 'Yes', 'No', 'Yes', 'Month-to-Month', 'Yes'),
(157, 1, 'Yes', 1, 'Yes', 'No', 'No', 'No', 'No', 'No', 'Month-to-Month', 'No'),
(158, 1, 'Yes', 1, 'No', 'No', 'Yes', 'Yes', 'Yes', 'Yes', 'Two Year', 'Yes'),
(159, 1, 'No', 1, 'No', 'No', 'No', 'No', 'Yes', 'Yes', 'Month-to-Month', 'No'),
(160, 1, 'Yes', 1, 'No', 'No', 'Yes', 'No', 'No', 'Yes', 'Month-to-Month', 'No'),
(161, 1, 'Yes', 1, 'No', 'No', 'Yes', 'No', 'No', 'Yes', 'Month-to-Month', 'Yes'),
(162, 1, 'Yes', 1, 'No', 'No', 'No', 'No', 'Yes', 'No', 'Month-to-Month', 'No'),
(163, 1, 'No', 1, 'No', 'No', 'Yes', 'Yes', 'No', 'No', 'Month-to-Month', 'No'),
(164, 1, 'No', 1, 'Yes', 'Yes', 'Yes', 'Yes', 'No', 'Yes', 'One Year', 'No'),
(165, 1, 'No', 1, 'No', 'No', 'Yes', 'Yes', 'Yes', 'Yes', 'One Year', 'Yes'),
(166, 1, 'No', 1, 'Yes', 'Yes', 'No', 'No', 'No', 'Yes', 'One Year', 'Yes'),
(167, 1, 'Yes', 1, 'No', 'Yes', 'No', 'No', 'Yes', 'Yes', 'Two Year', 'No'),
(168, 1, 'Yes', 1, 'Yes', 'Yes', 'No', 'No', 'Yes', 'No', 'Month-to-Month', 'Yes'),
(169, 1, 'Yes', 1, 'Yes', 'No', 'No', 'No', 'No', 'Yes', 'One Year', 'Yes'),
(170, 1, 'No', 1, 'Yes', 'Yes', 'No', 'Yes', 'Yes', 'Yes', 'One Year', 'Yes'),
(171, 1, 'Yes', 1, 'No', 'No', 'No', 'Yes', 'Yes', 'No', 'Month-to-Month', 'No'),
(172, 1, 'No', 1, 'Yes', 'Yes', 'No', 'Yes', 'Yes', 'No', 'Two Year', 'Yes'),
(173, 1, 'Yes', 1, 'Yes', 'No', 'No', 'No', 'No', 'Yes', 'Month-to-Month', 'Yes'),
(174, 1, 'Yes', 1, 'No', 'No', 'No', 'Yes', 'Yes', 'Yes', 'One Year', 'Yes'),
(175, 1, 'No', 1, 'No', 'Yes', 'Yes', 'Yes', 'Yes', 'No', 'One Year', 'Yes'),
(176, 1, 'Yes', 1, 'No', 'Yes', 'Yes', 'No', 'Yes', 'Yes', 'One Year', 'No'),
(177, 1, 'Yes', 1, 'No', 'No', 'No', 'No', 'No', 'Yes', 'One Year', 'Yes'),
(178, 1, 'Yes', 1, 'Yes', 'Yes', 'Yes', 'No', 'No', 'Yes', 'Month-to-Month', 'Yes'),
(179, 1, 'Yes', 1, 'Yes', 'Yes', 'No', 'No', 'No', 'No', 'Month-to-Month', 'No'),
(180, 1, 'No', 1, 'No', 'No', 'No', 'Yes', 'Yes', 'No', 'Month-to-Month', 'No'),
(181, 1, 'Yes', 1, 'No', 'Yes', 'Yes', 'Yes', 'No', 'Yes', 'Month-to-Month', 'Yes'),
(182, 1, 'Yes', 1, 'Yes', 'Yes', 'Yes', 'No', 'No', 'No', 'One Year', 'No'),
(183, 1, 'Yes', 1, 'Yes', 'Yes', 'No', 'Yes', 'Yes', 'No', 'One Year', 'No'),
(184, 1, 'No', 1, 'Yes', 'No', 'No', 'No', 'No', 'No', 'One Year', 'Yes'),
(185, 1, 'Yes', 1, 'Yes', 'Yes', 'No', 'No', 'No', 'No', 'Month-to-Month', 'Yes'),
(186, 1, 'Yes', 1, 'Yes', 'No', 'Yes', 'No', 'Yes', 'No', 'Month-to-Month', 'Yes'),
(187, 1, 'No', 1, 'No', 'Yes', 'Yes', 'Yes', 'No', 'No', 'Month-to-Month', 'Yes'),
(188, 1, 'Yes', 1, 'Yes', 'Yes', 'No', 'No', 'Yes', 'No', 'One Year', 'Yes'),
(189, 1, 'Yes', 1, 'Yes', 'Yes', 'Yes', 'Yes', 'Yes', 'Yes', 'Two Year', 'No'),
(190, 1, 'Yes', 1, 'Yes', 'Yes', 'Yes', 'No', 'No', 'No', 'Month-to-Month', 'No'),
(191, 1, 'Yes', 1, 'Yes', 'Yes', 'No', 'Yes', 'Yes', 'Yes', 'One Year', 'Yes'),
(192, 1, 'No', 1, 'No', 'No', 'Yes', 'Yes', 'Yes', 'Yes', 'One Year', 'No'),
(193, 1, 'No', 1, 'No', 'Yes', 'Yes', 'No', 'Yes', 'No', 'Month-to-Month', 'No'),
(194, 1, 'Yes', 1, 'No', 'Yes', 'No', 'No', 'Yes', 'No', 'Month-to-Month', 'No'),
(195, 1, 'No', 1, 'Yes', 'No', 'No', 'No', 'Yes', 'Yes', 'Month-to-Month', 'Yes'),
(196, 1, 'Yes', 1, 'Yes', 'Yes', 'No', 'No', 'Yes', 'Yes', 'Month-to-Month', 'Yes'),
(197, 1, 'No', 1, 'Yes', 'No', 'Yes', 'Yes', 'No', 'Yes', 'Month-to-Month', 'Yes');

-- --------------------------------------------------------

--
-- Table structure for table `fact_customer_churn`
--

CREATE TABLE `fact_customer_churn` (
  `fact_id` int(11) NOT NULL,
  `customer_id` varchar(50) DEFAULT NULL,
  `service_id` int(11) DEFAULT NULL,
  `payment_id` int(11) DEFAULT NULL,
  `location_id` int(11) DEFAULT NULL,
  `date_id` int(11) DEFAULT NULL,
  `churn_flag_id` int(11) DEFAULT NULL,
  `tenure` int(11) DEFAULT NULL,
  `monthly_charges` float DEFAULT NULL,
  `total_charges` float DEFAULT NULL,
  `arpu` float DEFAULT NULL
) ENGINE=InnoDB DEFAULT CHARSET=utf8mb4 COLLATE=utf8mb4_general_ci;

--
-- Dumping data for table `fact_customer_churn`
--

INSERT INTO `fact_customer_churn` (`fact_id`, `customer_id`, `service_id`, `payment_id`, `location_id`, `date_id`, `churn_flag_id`, `tenure`, `monthly_charges`, `total_charges`, `arpu`) VALUES
(1, '0004-TLHLJ', 1, 1, 1, 1, 2, 4, 73.9, 280.85, 103.863),
(2, '0011-IGKFF', 2, 1, 2, 1, 2, 13, 98, 1237.85, 123.039),
(3, '0094-OIFMO', 3, 1, 3, 1, 2, 11, 95, 1120.3, 124.345),
(4, '0112-QWPNC', 4, 1, 4, 1, 2, 49, 84.35, 4059.35, 122.394),
(5, '0125-LZQXK', 5, 1, 5, 1, 2, 15, 101.35, 1553.95, 149.517),
(6, '0135-NMXAP', 6, 1, 6, 1, 2, 12, 89.75, 1052.4, 102.08),
(7, '0137-OCGAB', 7, 2, 7, 1, 2, 1, 80.2, 80.2, 81.43),
(8, '0151-ONTOV', 8, 2, 8, 1, 2, 1, 70.9, 70.9, 110.71),
(9, '0156-FVPTA', 9, 1, 9, 1, 2, 22, 54.2, 1152.7, 79.6355),
(10, '0195-IESCP', 10, 1, 10, 1, 2, 10, 85.25, 855.3, 97.55),
(11, '0201-OAMXR', 11, 3, 11, 1, 2, 70, 115.55, 8127.6, 126.319),
(12, '0219-YTZUE', 12, 1, 12, 1, 2, 4, 84.8, 371.9, 121.745),
(13, '0220-EBGCE', 13, 1, 13, 1, 2, 2, 85.85, 167.3, 97.79),
(14, '0235-KGSLC', 14, 3, 14, 1, 2, 1, 85.55, 85.55, 118.89),
(15, '0256-LTHVJ', 15, 1, 15, 1, 2, 28, 81.05, 2227.1, 96.3893),
(16, '0259-GBZSH', 16, 1, 12, 1, 2, 2, 85.65, 181.5, 131.18),
(17, '0265-EDXBD', 17, 1, 12, 1, 2, 32, 74.9, 2303.35, 119.32),
(18, '0330-IVZHA', 8, 1, 16, 1, 2, 5, 69.95, 330.15, 83.11),
(19, '0334-GDDSO', 7, 1, 12, 1, 2, 3, 81.35, 233.7, 87.12),
(20, '0354-WYROK', 5, 1, 17, 1, 2, 31, 98.9, 2911.3, 141.863),
(21, '0363-QJVFX', 18, 3, 18, 1, 2, 32, 108.15, 3432.9, 134.968),
(22, '0378-XSZPU', 19, 3, 19, 1, 2, 58, 60.3, 3563.8, 78.6648),
(23, '0390-DCFDQ', 20, 2, 20, 1, 2, 1, 70.45, 70.45, 85.73),
(24, '0404-SWRVG', 17, 1, 21, 1, 2, 3, 74.4, 229.55, 88.2033),
(25, '0406-BPDVR', 21, 3, 22, 1, 2, 54, 101.5, 5373.1, 132.992),
(26, '0415-MOSGF', 8, 3, 23, 1, 2, 1, 44.4, 44.4, 70.93),
(27, '0475-RIJEP', 7, 1, 24, 1, 2, 43, 77.85, 3365.85, 127.406),
(28, '0511-JTEOY', 8, 2, 25, 1, 2, 1, 71.1, 71.1, 81.29),
(29, '0524-IAVZO', 10, 1, 26, 1, 2, 30, 85, 2624.25, 92.295),
(30, '0529-ONKER', 22, 1, 27, 1, 2, 15, 75.65, 1146.65, 122.823),
(31, '0533-BNWKF', 12, 1, 12, 1, 2, 55, 85.45, 4874.7, 133.087),
(32, '0565-IYCGT', 23, 3, 12, 1, 2, 69, 78.6, 5356.45, 107.01),
(33, '0611-DFXKO', 24, 3, 28, 1, 2, 20, 89, 1820.45, 109.073),
(34, '0618-XWMSS', 25, 1, 29, 1, 2, 28, 74.9, 2068.55, 118.157),
(35, '0621-TWIEM', 20, 1, 30, 1, 2, 10, 45.55, 402.6, 74.7),
(36, '0637-KVDLV', 17, 1, 31, 1, 2, 2, 76.5, 162.45, 98.445),
(37, '0637-UBJRP', 26, 1, 32, 1, 2, 13, 84.05, 1095.3, 112.33),
(38, '0637-YLETY', 27, 3, 33, 1, 2, 16, 95.6, 1555.65, 116.218),
(39, '0639-TSIQW', 28, 3, 34, 1, 2, 67, 102.95, 6886.25, 140.28),
(40, '0654-HMSHN', 29, 1, 35, 1, 2, 21, 104.4, 2157.95, 145.41),
(41, '0655-RBDUG', 30, 1, 36, 1, 2, 7, 98.05, 713, 111.107),
(42, '0685-MLYYM', 8, 1, 37, 1, 2, 2, 70.75, 154.85, 87.285),
(43, '0687-ZVTHB', 31, 3, 38, 1, 2, 65, 72.45, 4653.85, 98.1288),
(44, '0689-NKYLF', 14, 1, 39, 1, 2, 13, 83.2, 1060.6, 116.985),
(45, '0702-PGIBZ', 32, 1, 40, 1, 2, 4, 101.7, 364.55, 116.927),
(46, '0719-SYFRB', 33, 2, 41, 1, 2, 12, 61.65, 713.75, 95.7192),
(47, '0727-IWKVK', 34, 1, 42, 1, 2, 9, 79.9, 741.7, 101.591),
(48, '0742-NXBGR', 34, 1, 43, 1, 2, 1, 82.3, 82.3, 115.71),
(49, '0772-GYEQQ', 35, 3, 6, 1, 2, 3, 88.35, 262.05, 136.75),
(50, '0807-ZABDG', 9, 2, 44, 1, 2, 3, 55.1, 154.65, 77.59),
(51, '0812-WUPTB', 8, 3, 45, 1, 2, 1, 70.85, 70.85, 120.45),
(52, '0866-QLSIR', 36, 2, 46, 1, 2, 34, 64.4, 2088.75, 95.8438),
(53, '0870-VEMYL', 37, 3, 47, 1, 2, 5, 53.85, 259.8, 73.688),
(54, '0876-WDUUZ', 38, 3, 48, 1, 2, 5, 85.4, 425.9, 128.69),
(55, '0880-TKATG', 39, 1, 49, 1, 2, 4, 101.15, 385.9, 106.035),
(56, '0887-HJGAR', 20, 2, 50, 1, 2, 1, 45.7, 45.7, 51.25),
(57, '0897-FEGMU', 30, 1, 39, 1, 2, 11, 99.5, 1056.95, 127.166),
(58, '0923-PNFUB', 40, 1, 51, 1, 2, 3, 83.75, 247.25, 128.777),
(59, '0927-LCSMG', 41, 2, 19, 1, 2, 7, 74.65, 544.55, 100.801),
(60, '0939-YAPAF', 30, 1, 52, 1, 2, 35, 100.25, 3527.6, 111.279),
(61, '0940-OUQEC', 7, 1, 53, 1, 2, 10, 80.7, 788.8, 97.108),
(62, '0946-CLJTI', 30, 1, 54, 1, 2, 58, 98.7, 5812.6, 103.397),
(63, '0968-GSIKN', 20, 2, 55, 1, 2, 1, 70.8, 70.8, 101.4),
(64, '0970-ETWGE', 24, 1, 56, 1, 2, 1, 89.55, 89.55, 132.01),
(65, '0979-PHULV', 30, 3, 12, 1, 2, 69, 99.45, 7007.6, 150.359),
(66, '1010-DIAUQ', 42, 1, 12, 1, 2, 5, 96.5, 492.55, 119.37),
(67, '1024-VRZHF', 17, 1, 12, 1, 2, 11, -7, 825.7, 96.6436),
(68, '1031-IIDEO', 20, 1, 57, 1, 2, 1, 70.85, 70.85, 97.9),
(69, '1084-UQCHV', 8, 1, 58, 1, 2, 1, -7, 69.75, 97.72),
(70, '1086-LXKFY', 20, 3, 59, 1, 2, 1, 69.1, 69.1, 85.65),
(71, '1112-CUNAO', 43, 1, 60, 1, 2, 15, 89.85, 1424.95, 99.2767),
(72, '1120-BMWUB', 44, 3, 39, 1, 2, 16, 53.9, 834.15, 61.4944),
(73, '1157-BQCUW', 17, 1, 61, 1, 2, 1, 74.95, 74.95, 105.02),
(74, '1195-OIYEJ', 24, 1, 62, 1, 2, 13, 91.1, 1135.7, 98.9454),
(75, '1205-WNWPJ', 45, 3, 63, 1, 2, 7, 59.5, 415.95, 61.6614),
(76, '1213-NGCUN', 46, 1, 12, 1, 2, 6, 49.65, 267.35, 93.4483),
(77, '1226-UDFZR', 47, 3, 64, 1, 2, 2, 49.6, 114.7, 78.63),
(78, '1260-TTRXI', 48, 1, 65, 1, 2, 4, 54.3, 195.3, 108.975),
(79, '1262-OPMFY', 1, 1, 12, 1, 2, 9, 75.75, 655.9, 104.628),
(80, '1264-BYWMS', 49, 1, 66, 1, 2, 55, 96.8, 5283.95, 143.452),
(81, '1268-ASBGA', 10, 3, 67, 1, 2, 16, 85.35, 1375.15, 95.8769),
(82, '1304-NECVQ', 50, 1, 68, 1, 2, 2, 78.55, 149.55, 118.735),
(83, '1309-BXVOQ', 51, 1, 69, 1, 2, 21, 106.1, 2249.95, 128.97),
(84, '1320-HTRDR', 17, 1, 70, 1, 2, 3, 75.5, 220.6, 121.043),
(85, '1324-NLTJE', 52, 3, 71, 1, 2, 15, 55, 757.1, 67.6633),
(86, '1342-JPNKI', 16, 1, 72, 1, 2, 10, 86.05, 834.1, 89.33),
(87, '1363-TXLSL', 20, 1, 73, 1, 2, 1, 70.3, 70.3, 109.4),
(88, '1373-ORVIZ', 53, 1, 74, 1, 2, 11, 66.35, 740.8, 83.0355),
(89, '1374-DMZUI', 49, 1, 75, 1, 2, 4, 94.3, 424.45, 155.613),
(90, '1389-CXMLU', 54, 1, 76, 1, 2, 3, 91.05, 289.1, 122.687),
(91, '1415-YFWLT', 24, 1, 77, 1, 2, 1, 89.3, 89.3, 119.53),
(92, '1444-VVSGW', 11, 3, 78, 1, 2, 70, 115.65, 7968.85, 131.154),
(93, '1448-PWKYE', 48, 1, 79, 1, 2, 1, 80, 80, 115.71),
(94, '1455-UGQVH', 30, 1, 80, 1, 2, 10, 98.5, 1037.75, 104.865),
(95, '1502-XFCVR', 55, 1, 39, 1, 2, 58, 106.45, 6145.85, 120.953),
(96, '1513-XNPPH', 56, 1, 39, 1, 2, 12, 89.4, 1095.65, 108.764),
(97, '1518-VOWAV', 57, 1, 81, 1, 2, 9, 74.65, 703.55, 114.602),
(98, '1541-ETJZO', 58, 2, 82, 1, 2, 1, 62.05, 62.05, 119.88),
(99, '1555-DJEQW', 59, 1, 83, 1, 2, 70, 114.2, 7723.9, 126.428),
(100, '1579-KLYDT', 60, 1, 84, 1, 2, 7, 90.45, 593.45, 120.689),
(101, '1582-RAFML', 61, 2, 85, 1, 2, 1, 60.1, 60.1, 83.73),
(102, '1585-MQSSU', 62, 2, 86, 1, 2, 17, 51.5, 900.5, 97.4918),
(103, '1587-FKLZB', 30, 3, 87, 1, 2, 66, 99.5, 6822.15, 132.226),
(104, '1596-BBVTG', 22, 3, 88, 1, 2, 35, 75.35, 2636.05, 100.356),
(105, '1597-FZREH', 63, 1, 89, 1, 2, 2, 76.4, 160.8, 122.04),
(106, '1602-IJQQE', 22, 1, 90, 1, 2, 4, 75.35, 338.1, 113.635),
(107, '1612-EOHDH', 8, 1, 91, 1, 2, 1, 45.15, 45.15, 76.07),
(108, '1658-BYGOY', 49, 1, 39, 1, 2, 18, 95.45, 1752.55, 106.16),
(109, '1670-SVOWZ', 64, 3, 92, 1, 2, 14, 89.65, 1208.35, 102.502),
(110, '1678-FYZOW', 65, 1, 85, 1, 2, 3, 79.4, 244.65, 128.15),
(111, '1699-HPSBG', 66, 1, 93, 1, 2, 12, 59.8, 727.8, 70.25),
(112, '1731-TVIUK', 67, 1, 94, 1, 2, 4, 93.5, 362.2, 97.94),
(113, '1750-CSKKM', 68, 1, 95, 1, 2, 9, 55.35, 449.75, 90.9922),
(114, '1771-OADNZ', 27, 1, 96, 1, 2, 29, 95.9, 2745.2, 131.766),
(115, '1792-UXAFY', 69, 1, 19, 1, 2, 17, 89.15, 1496.9, 118.423),
(116, '1794-HBQTJ', 25, 3, 97, 1, 2, 1, 48.6, 48.6, 55.14),
(117, '1820-TQVEV', 20, 1, 98, 1, 2, 1, 69.55, 69.55, 118.98),
(118, '1833-VGRUM', 17, 1, 99, 1, 2, 1, 74.2, 74.2, 123.15),
(119, '1842-EZJMK', 70, 1, 100, 1, 2, 50, 103.7, 5071.05, 134.829),
(120, '1866-RZZQS', 30, 1, 101, 1, 2, 41, 98.4, 4187.75, 144.2),
(121, '1867-BDVFH', 17, 1, 39, 1, 2, 11, 74.35, 834.2, 84.9764),
(122, '1875-QIVME', 51, 1, 102, 1, 2, 2, 104.4, 242.8, 110.19),
(123, '1902-XBTFB', 69, 1, 3, 1, 2, 22, 89.4, 2001.5, 130.557),
(124, '1965-AKTSX', 7, 1, 103, 1, 2, 14, 78.95, 1101.85, 95.0636),
(125, '1984-FCOWB', 71, 1, 104, 1, 2, 70, 109.5, 7674.55, 153.659),
(126, '2003-CKLOR', 72, 1, 105, 1, 2, 66, 99.5, 6710.5, 127.494),
(127, '2004-OCQXK', 15, 1, 106, 1, 2, 1, 81.95, 81.95, 126.89),
(128, '2012-NWRPA', 30, 1, 74, 1, 2, 11, 99.55, 1131.2, 104.116),
(129, '2024-BASKD', 1, 2, 107, 1, 2, 1, 74.6, 74.6, 106.76),
(130, '2034-GDRCN', 24, 1, 12, 1, 2, 2, 90.4, 168.2, 94.63),
(131, '2037-XJFUP', 73, 1, 94, 1, 2, 33, 95.8, 3036.75, 135.641),
(132, '2055-PDADH', 20, 1, 108, 1, 2, 3, 70.4, 204.7, 70.4933),
(133, '2057-ZBLPD', 10, 1, 23, 1, 2, 21, 86.5, 1808.7, 128.349),
(134, '2058-DCJBE', 20, 1, 39, 1, 2, 5, 69.75, 324.6, 96.06),
(135, '2070-FNEXE', 74, 1, 109, 1, 2, 7, 76.45, 503.6, 97.3143),
(136, '2074-GKOWZ', 24, 1, 110, 1, 2, 2, 89.55, 185.55, 101.635),
(137, '2082-CEFLT', 20, 1, 12, 1, 2, 1, 45.6, 45.6, 57.33),
(138, '2114-MGINA', 24, 3, 111, 1, 2, 14, 89.8, 1129.1, 90.95),
(139, '2135-RXIHG', 20, 1, 112, 1, 2, 1, 45.65, 45.65, 59.77),
(140, '2141-RRYGO', 3, 1, 113, 1, 2, 4, 68.65, 261.25, 75.9525),
(141, '2150-UWTFY', 75, 3, 114, 1, 2, 22, 61.15, 1422.05, 111.255),
(142, '2154-KVJFF', 7, 1, 115, 1, 2, 15, 79.75, 1111.85, 116.953),
(143, '2157-MXBJS', 76, 3, 116, 1, 2, 13, 75.3, 989.45, 117.332),
(144, '2207-NHRJK', 77, 1, 117, 1, 2, 1, 50.8, 50.8, 52.08),
(145, '2225-ZRGSG', 78, 1, 118, 1, 2, 70, 93.9, 6579.05, 99.4664),
(146, '2237-ZFSMY', 79, 1, 119, 1, 2, 39, 95.55, 3692.85, 99.1685),
(147, '2239-JALAW', 80, 1, 13, 1, 2, 58, 103.25, 6017.65, 148.253),
(148, '2276-YDAVZ', 17, 3, 12, 1, 2, 3, 75.1, 270.7, 116.753),
(149, '2321-OMBXY', 81, 3, 12, 1, 2, 38, 80.3, 3058.65, 122.631),
(150, '2325-ZUSFD', 82, 1, 120, 1, 2, 57, 70.1, 3913.3, 105.304),
(151, '2359-KMGLI', 7, 1, 121, 1, 2, 24, 80.25, 1861.5, 126.863),
(152, '2362-IBOOY', 10, 1, 12, 1, 2, 36, 84.75, 3050.15, 128.696),
(153, '2369-UAPKZ', 29, 2, 122, 1, 2, 5, 104.1, 541.9, 147.27),
(154, '2372-HWUHI', 8, 1, 123, 1, 2, 2, 44.35, 81.25, 87.465),
(155, '2379-ENZGV', 83, 1, 12, 1, 2, 6, 84.85, 523.5, 126.57),
(156, '2382-BCKQJ', 76, 1, 13, 1, 2, 62, 100.15, 6413.65, 136.026),
(157, '2391-SOORI', 74, 1, 124, 1, 2, 4, 49.35, 219.65, 80.9525),
(158, '2403-BCASL', 71, 1, 52, 1, 2, 41, 111.95, 4534.9, 155.647),
(159, '2408-TZMJL', 84, 1, 125, 1, 2, 59, 110.15, 6448.05, 131.999),
(160, '2433-KMEAS', 85, 1, 126, 1, 2, 22, 54.45, 1127.35, 58.5232),
(161, '2446-PLQVO', 20, 1, 127, 1, 2, 1, 70.3, 70.3, 75.97),
(162, '2454-RPBRZ', 86, 1, 128, 1, 2, 12, 98.1, 1060.2, 114.892),
(163, '2479-BRAMR', 87, 1, 129, 1, 2, 41, 83.75, 3273.55, 125.683),
(164, '2506-CLAKW', 88, 1, 130, 1, 2, 6, 98.15, 567.45, 114.835),
(165, '2514-GINMM', 65, 1, 131, 1, 2, 1, 79.5, 79.5, 128.47),
(166, '2519-FAKOD', 30, 1, 132, 1, 2, 38, 99.25, 3777.15, 130.669),
(167, '2530-ENDWQ', 89, 1, 133, 1, 2, 71, 93.7, 6585.35, 133.271),
(168, '2533-QVMSK', 90, 1, 134, 1, 2, 61, 94.1, 5638.3, 119.371),
(169, '2575-GFSOE', 20, 1, 135, 1, 2, 7, 69, 506.9, 81.3643),
(170, '2612-RANWT', 30, 1, 136, 1, 2, 12, 100.15, 1164.3, 127.565),
(171, '2612-RRIDN', 65, 1, 59, 1, 2, 4, 81, 340.85, 119.332),
(172, '2626-URJFX', 17, 1, 137, 1, 2, 4, 50.9, 225.6, 64.98),
(173, '2636-ALXXZ', 20, 1, 138, 1, 2, 1, 69.6, 69.6, 115.4),
(174, '2642-DTVCO', 10, 1, 139, 1, 2, 9, 85.05, 746.5, 98.4578),
(175, '2645-QTLMB', 3, 1, 140, 1, 2, 7, 94.25, 669, 107.621),
(176, '2656-FMOKZ', 17, 2, 109, 1, 2, 15, 74.45, 1145.7, 120.45),
(177, '2657-ALMWY', 91, 1, 141, 1, 2, 26, 84.95, 2169.75, 101.712),
(178, '2659-VXMWZ', 84, 1, 142, 1, 2, 67, 111.3, 7482.1, 140.913),
(179, '2660-EMUBI', 49, 1, 13, 1, 2, 10, 95.35, 898.35, 131.205),
(180, '2691-NZETQ', 16, 1, 19, 1, 2, 9, 85.35, 758.6, 133.429),
(181, '2718-GAXQD', 8, 1, 81, 1, 2, 4, 46, 181.6, 87.53),
(182, '2720-WGKHP', 49, 1, 143, 1, 2, 2, 94, 181.7, 111.84),
(183, '2722-JMONI', 25, 1, 13, 1, 2, 1, 49.55, 49.55, 73.79),
(184, '2725-KXXWT', 24, 1, 144, 1, 2, 1, 90.75, 90.75, 113.81),
(185, '2737-YNGYW', 48, 1, 145, 1, 2, 2, 80.55, 184.1, 125.94),
(186, '2748-MYRVK', 92, 1, 146, 1, 2, 63, 99.9, 6137, 105.793),
(187, '2754-VDLTR', 93, 1, 147, 1, 2, 10, 95.2, 930.4, 128.67),
(188, '2834-JRTUA', 94, 1, 2, 1, 2, 71, 108.05, 7532.15, 155.507),
(189, '2840-XANRC', 95, 1, 12, 1, 2, 24, 93.15, 2231.05, 109.06),
(190, '2842-JTCCU', 8, 1, 148, 1, 2, 2, 46.05, 80.35, 74.865),
(191, '2856-HYAPG', 8, 1, 149, 1, 2, 1, 68.65, 68.65, 81.05),
(192, '2860-RANUS', 10, 3, 150, 1, 2, 20, 85.8, 1727.5, 115.665),
(193, '2868-MZAGQ', 15, 1, 74, 1, 2, 1, 79.25, 79.25, 99.23),
(194, '2869-ADAWR', 6, 3, 151, 1, 2, 45, 89.3, 4016.85, 102.392),
(195, '2873-ZLIWT', 96, 1, 94, 1, 2, 40, 84.85, 3303.05, 84.6062),
(196, '2884-GBPFB', 20, 1, 152, 1, 2, 35, 70.3, 2416.55, 81.76),
(197, '2929-ERCFZ', 95, 1, 153, 1, 2, 8, 94.2, 777.3, 135.992),
(198, '2930-UOTMB', 97, 3, 154, 1, 2, 31, 65.25, 1994.3, 99.3432),
(199, '2962-XPMCQ', 20, 1, 85, 1, 2, 2, 45.15, 98.5, 55.72),
(200, '2979-SXESE', 98, 1, 155, 1, 2, 17, 94.4, 1607.2, 120.331),
(201, '2982-VPSGI', 49, 1, 156, 1, 2, 11, 94, 1078.9, 123.752),
(202, '2990-HWIML', 24, 1, 157, 1, 2, 6, 89.5, 573.3, 143.47),
(203, '3001-CBHLQ', 51, 1, 158, 1, 2, 32, 104.9, 3351.55, 147.192),
(204, '3005-NFMTA', 99, 1, 159, 1, 2, 55, 98.8, 5617.75, 111.071),
(205, '3009-JWMPU', 76, 1, 160, 1, 2, 62, 96.75, 6125.4, 121.437),
(206, '3018-TFTSU', 100, 1, 161, 1, 2, 12, 81.7, 858.6, 89.93),
(207, '3027-ZTDHO', 24, 1, 146, 1, 2, 1, 89.9, 89.9, 122.75),
(208, '3030-YZADT', 8, 2, 162, 1, 2, 9, 44.95, 431, 51.88),
(209, '3049-NDXFL', 101, 3, 12, 1, 2, 1, 85.8, 85.8, 120.27),
(210, '3058-HJCUY', 102, 1, 163, 1, 2, 41, 102.6, 4213.35, 147.723),
(211, '3063-QFSZL', 15, 1, 19, 1, 2, 1, 55.4, 55.4, 68.41),
(212, '3066-RRJIO', 20, 3, 17, 1, 2, 1, 69.95, 69.95, 82.99),
(213, '3085-QUOZK', 8, 3, 164, 1, 2, 1, 43.95, 43.95, 78.43),
(214, '3092-IGHWF', 103, 1, 12, 1, 2, 67, 87.4, 5918.8, 116.74),
(215, '3096-IZETN', 48, 1, 165, 1, 2, 12, 78.1, 947.3, 121.492),
(216, '3096-JRDSO', 104, 1, 81, 1, 2, 27, 104.3, 2867.75, 116.403),
(217, '3097-NNSPB', 47, 3, 166, 1, 2, 2, 49.05, 91.1, 80.25),
(218, '3104-OWCGK', 105, 1, 167, 1, 2, 60, 90.95, 5453.4, 124.14),
(219, '3106-ULWFW', 10, 3, 168, 1, 2, 8, 85.2, 627.4, 104.835),
(220, '3144-AUDBS', 46, 1, 169, 1, 2, 6, 49.15, 270.8, 52.0733),
(221, '3178-FESZO', 32, 3, 170, 1, 2, 1, 100.25, 100.25, 120.48),
(222, '3186-BAXNB', 106, 1, 171, 1, 2, 1, 91.7, 91.7, 108.93),
(223, '3192-NQECA', 107, 1, 172, 1, 2, 68, 110, 7611.85, 126.729),
(224, '3208-YPIOE', 22, 1, 173, 1, 2, 39, 75.25, 3017.65, 113.546),
(225, '3217-FZDMN', 95, 3, 39, 1, 2, 8, 94.45, 742.95, 98.0788),
(226, '3244-DCJWY', 20, 1, 174, 1, 2, 1, 70.25, 70.25, 93.25),
(227, '3247-ZVOUO', 101, 1, 76, 1, 2, 10, 85.55, 851.75, 91.185),
(228, '3249-ZPQRG', 108, 1, 175, 1, 2, 4, 78.45, 330.05, 124.573),
(229, '3254-YRILK', 6, 1, 176, 1, 2, 19, 88.2, 1775.8, 133.433),
(230, '3259-FDWOY', 109, 1, 31, 1, 2, 71, 106, 7723.7, 156.125),
(231, '3269-ATYWD', 49, 1, 17, 1, 2, 39, 95.65, 3759.05, 142.162),
(232, '3276-HDUEG', 17, 2, 94, 1, 2, 1, 75.05, 75.05, 107.91),
(233, '3313-QKNKB', 110, 1, 177, 1, 2, 59, 85.55, 5084.65, 93.0905),
(234, '3315-TOTBP', 17, 2, 178, 1, 2, 15, 76, 1130.85, 120.25),
(235, '3318-OSATS', 49, 1, 57, 1, 2, 35, 95.45, 3474.05, 136.644),
(236, '3319-DWOEP', 95, 1, 12, 1, 2, 6, 95.75, 573.75, 143.525),
(237, '3325-FUYCG', 111, 1, 160, 1, 2, 28, 106.1, 2847.4, 111.313),
(238, '3336-JORSO', 112, 1, 179, 1, 2, 33, 110.45, 3655.45, 130.132),
(239, '3351-NQLDI', 113, 3, 180, 1, 2, 67, 94.35, 6341.45, 125.589),
(240, '3374-LXDEV', 114, 1, 181, 1, 2, 13, 89.4, 1132.35, 95.6938),
(241, '3376-BMGFE', 20, 1, 182, 1, 2, 4, 70.9, 273, 99.565),
(242, '3387-VATUS', 49, 1, 183, 1, 2, 5, 94.85, 462.8, 132.71),
(243, '3398-ZOUAA', 20, 1, 184, 1, 2, 21, 69.1, 1474.75, 89.9662),
(244, '3400-ESFUW', 115, 1, 83, 1, 2, 55, 57.55, 3046.4, 65.28),
(245, '3419-SNJJD', 116, 1, 185, 1, 2, 65, 105.25, 6786.4, 122.796),
(246, '3422-LYEPQ', 20, 1, 186, 1, 2, 1, 71, 71, 89.84),
(247, '3426-NIYYL', 22, 1, 187, 1, 2, 15, 51.55, 765.5, 55.5167),
(248, '3512-IZIKN', 117, 3, 188, 1, 2, 70, 65.3, 4759.75, 110.666),
(249, '3519-ZKXGG', 17, 1, 17, 1, 2, 3, 75.85, 256.6, 129.873),
(250, '3521-SYVOR', 24, 1, 12, 1, 2, 37, 64.75, 2345.2, 66.6538),
(251, '3551-HUAZH', 17, 1, 189, 1, 2, 1, 74.4, 74.4, 85.48),
(252, '3571-RFHAR', 112, 1, 190, 1, 2, 65, 109.15, 6941.2, 118.302),
(253, '3594-UVONA', 118, 3, 1, 1, 2, 35, 85.95, 3110.1, 97.66),
(254, '3606-TWKGI', 119, 1, 191, 1, 2, 13, 106.9, 1364.3, 138.395),
(255, '3669-OYSJI', 8, 3, 192, 1, 2, 1, 46.2, 46.2, 94.78),
(256, '3671-SHRSP', 120, 2, 193, 1, 2, 4, 80.6, 319.15, 94.0875),
(257, '3672-YITQD', 10, 1, 194, 1, 2, 36, 84.1, 3021.6, 115.583),
(258, '3683-QKIUE', 46, 1, 17, 1, 2, 6, 50.8, 288.05, 69.9183),
(259, '3685-YLCMQ', 102, 1, 176, 1, 2, 58, 104.65, 6219.6, 149.064),
(260, '3714-JTVOV', 25, 3, 195, 1, 2, 42, 74.15, 3229.4, 79.7905),
(261, '3716-BDVDB', 20, 1, 12, 1, 2, 1, 69.1, 69.1, 107.76),
(262, '3744-ZRRDZ', 7, 1, 196, 1, 2, 21, 82.35, 1852.85, 100.991),
(263, '3746-EUBYR', 17, 1, 81, 1, 2, 1, 74.6, 74.6, 119.33),
(264, '3763-GCZHZ', 121, 1, 161, 1, 2, 66, 104.05, 6890, 124.464),
(265, '3765-JXVKY', 47, 1, 197, 1, 2, 1, 74.7, 74.7, 118.81),
(266, '3768-NLUBH', 39, 1, 196, 1, 2, 57, 100.6, 5746.15, 142.91),
(267, '3804-RVTGV', 119, 1, 198, 1, 2, 50, 103.85, 5017.9, 142.568),
(268, '3834-XUIFC', 10, 3, 199, 1, 2, 7, 85.2, 602.55, 104.909),
(269, '3838-OZURD', 119, 3, 200, 1, 2, 66, 105, 7133.25, 115.36),
(270, '3842-IYKUE', 61, 3, 201, 1, 2, 35, 85.3, 2917.5, 131.529),
(271, '3870-MQAMG', 122, 1, 202, 1, 2, 54, 110.35, 5893.15, 111.312),
(272, '3874-EQOEP', 93, 3, 199, 1, 2, 7, 95, 655.5, 110.363),
(273, '3926-CUQZX', 20, 1, 203, 1, 2, 1, 45.1, 45.1, 56.16),
(274, '3927-NLNRY', 123, 1, 204, 1, 2, 53, 94.25, 4867.95, 107.618),
(275, '3934-HXCFZ', 28, 1, 24, 1, 2, 23, 99.25, 2186.4, 114.261),
(276, '3946-MHCZW', 41, 3, 157, 1, 2, 1, 50.9, 50.9, 57.85),
(277, '3957-LXOLK', 119, 1, 205, 1, 2, 28, 106.15, 3152.5, 122.259),
(278, '3982-XWFZQ', 17, 1, 206, 1, 2, 42, 50.25, 2203.65, 62.5795),
(279, '3992-YWPKO', 112, 3, 207, 1, 2, 6, 109.9, 669.45, 131.935),
(280, '4013-TLDHQ', 34, 1, 155, 1, 2, 19, 78.25, 1490.95, 98.7311),
(281, '4013-UBXWQ', 124, 1, 81, 1, 2, 7, 74.65, 521.1, 119.213),
(282, '4080-OGPJL', 125, 1, 208, 1, 2, 8, 71.15, 563.65, 118.596),
(283, '4086-YQSNZ', 65, 1, 209, 1, 2, 3, 80.4, 224.05, 77.9733),
(284, '4088-YLDSU', 102, 1, 184, 1, 2, 55, 104.15, 5743.05, 115.029),
(285, '4110-PFEUZ', 8, 3, 210, 1, 2, 1, 69.55, 69.55, 99.33),
(286, '4112-LUEIZ', 24, 1, 211, 1, 2, 10, 89.5, 863.1, 99.09),
(287, '4143-OOBWZ', 7, 1, 146, 1, 2, 5, 81.3, 416.3, 108.37),
(288, '4145-UQXUQ', 95, 1, 155, 1, 2, 8, 92.1, 729.95, 134.174),
(289, '4154-AQUGT', 64, 1, 12, 1, 2, 13, 89.05, 1169.35, 91.42),
(290, '4184-TJFAN', 126, 2, 155, 1, 2, 3, 88.3, 273.75, 117.02),
(291, '4193-ORFCL', 8, 3, 3, 1, 2, 1, 45.1, 45.1, 60.34),
(292, '4201-JMNGR', 127, 1, 49, 1, 2, 1, 55.8, 55.8, 82.02),
(293, '4208-UFFGW', 8, 3, 103, 1, 2, 2, 44.95, 85.15, 69.195),
(294, '4210-QFJMF', 15, 1, 81, 1, 2, 4, 79.15, 317.25, 116.223),
(295, '4228-ZGYUW', 128, 1, 17, 1, 2, 4, 90.05, 368.1, 111.765),
(296, '4237-RLAQD', 20, 3, 212, 1, 2, 1, 45.85, 45.85, 90.6),
(297, '4248-HCETZ', 34, 3, 85, 1, 2, 30, 79.65, 2365.15, 85.0683),
(298, '4248-QPAVC', 87, 1, 12, 1, 2, 17, 85.35, 1463.45, 122.905),
(299, '4250-FDVOU', 129, 1, 44, 1, 2, 6, 56.25, 389.1, 82.03),
(300, '4250-ZBWLV', 122, 1, 213, 1, 2, 68, 108.45, 7176.55, 127.135),
(301, '4282-YMKNA', 17, 1, 214, 1, 2, 9, 74.75, 706.6, 94.9911),
(302, '4285-GYRQC', 14, 1, 215, 1, 2, 7, 86.25, 587.1, 128.531),
(303, '4289-DTDKW', 32, 1, 98, 1, 2, 40, 101.3, 4113.1, 125.387),
(304, '4307-KTUMW', 130, 1, 87, 1, 2, 53, 93.9, 5029.2, 126.131),
(305, '4317-VTEOA', 47, 1, 191, 1, 2, 1, 50.75, 50.75, 93.78),
(306, '4322-RCYMT', 131, 1, 12, 1, 2, 68, 75.8, 5293.95, 108.356),
(307, '4325-NFSKC', 132, 1, 216, 1, 2, 19, 90.6, 1660, 115.488),
(308, '4349-GFQHK', 133, 1, 217, 1, 2, 1, 54.35, 54.35, 79.74),
(309, '4361-BKAXE', 134, 1, 218, 1, 2, 41, 114.5, 4527.45, 131.986),
(310, '4361-JEIVL', 20, 1, 219, 1, 2, 1, 44.4, 44.4, 51.54),
(311, '4369-HTUIF', 135, 1, 220, 1, 2, 6, 85.15, 503.6, 113.343),
(312, '4373-MAVJG', 128, 1, 12, 1, 2, 14, 90.9, 1259, 103.569),
(313, '4385-GZQXV', 136, 1, 157, 1, 2, 16, 94.45, 1511.2, 103.88),
(314, '4391-RESHN', 51, 3, 221, 1, 2, 23, 104.05, 2470.1, 123.676),
(315, '4398-HSCJH', 137, 1, 39, 1, 2, 3, 63.6, 155.65, 55.5233),
(316, '4412-YLTKF', 50, 1, 222, 1, 2, 27, 78.05, 2135.5, 82.793),
(317, '4423-YLHDV', 138, 1, 39, 1, 2, 21, 104.4, 2200.25, 143.294),
(318, '4433-JCGCG', 30, 1, 12, 1, 2, 46, 101, 4680.05, 107.1),
(319, '4439-JMPMT', 45, 1, 28, 1, 2, 5, 85.75, 470.95, 86.478),
(320, '4505-EXZHB', 41, 1, 223, 1, 2, 6, 74.4, 434.1, 84.5933),
(321, '4512-ZUIYL', 8, 1, 224, 1, 2, 2, 70, 153.05, 114.285),
(322, '4523-WXCEF', 139, 1, 19, 1, 2, 59, 101.1, 6039.9, 111.601),
(323, '4529-CKBCL', 65, 1, 130, 1, 2, 2, 80.2, 146.05, 127.815),
(324, '4547-LYTDD', 22, 1, 3, 1, 2, 16, 72.65, 1194.3, 121.634),
(325, '4548-SDBKE', 16, 1, 88, 1, 2, 5, 85.2, 474.8, 129.45),
(326, '4550-EVXNY', 20, 1, 17, 1, 2, 1, 69.65, 69.65, 118.89),
(327, '4554-YGZIH', 43, 3, 225, 1, 2, 49, 90.05, 4547.25, 115.721),
(328, '4558-FANTW', 140, 1, 226, 1, 2, 17, 91.85, 1574.45, 134.565),
(329, '4566-QVRRW', 20, 1, 227, 1, 2, 11, 44.05, 483.7, 68.8027),
(330, '4581-SSPWD', 17, 1, 198, 1, 2, 3, 75.8, 246.3, 90.6333),
(331, '4587-NUKOX', 141, 1, 228, 1, 2, 3, 79.1, 246.5, 114.597),
(332, '4587-VVTOX', 119, 1, 229, 1, 2, 6, 105.3, 545.2, 118.307),
(333, '4598-XLKNJ', 2, 1, 230, 1, 2, 25, 98.5, 2514.5, 119.803),
(334, '4603-JANFB', 20, 1, 209, 1, 2, 1, 69.85, 69.85, 81.98),
(335, '4640-UHDOS', 48, 1, 231, 1, 2, 13, 55.95, 734.35, 75.5385),
(336, '4659-NZRUF', 142, 1, 232, 1, 2, 19, 95.15, 1789.25, 133.357),
(337, '4701-MLJPN', 120, 1, 146, 1, 2, 31, 55.25, 1715.65, 57.1961),
(338, '4702-IOQDC', 20, 1, 233, 1, 2, 1, 70.1, 70.1, 116.27),
(339, '4713-LZDRV', 15, 1, 234, 1, 2, 2, 79.6, 195.05, 129.435),
(340, '4759-TRPLW', 8, 1, 199, 1, 2, 1, 70.4, 70.4, 100.03),
(341, '4765-OXPPD', 143, 2, 130, 1, 2, 9, 65, 663.05, 80.0222),
(342, '4789-KWMXN', 118, 3, 235, 1, 2, 47, 110.85, 5275.8, 131.166),
(343, '4791-QRGMF', 76, 1, 236, 1, 2, 59, 99.5, 5961.1, 111.796),
(344, '4795-KTRTH', 7, 1, 12, 1, 2, 5, 81, 371.65, 115.482),
(345, '4797-AXPXK', 144, 1, 237, 1, 2, 1, 60, 60, 113.48),
(346, '4800-CZMPC', 145, 3, 238, 1, 2, 48, 103.25, 5037.55, 111.309),
(347, '4803-AXVYP', 124, 1, 239, 1, 2, 38, 99.55, 3734.25, 145.66),
(348, '4806-HIPDW', 20, 1, 240, 1, 2, 1, 68.95, 68.95, 90.6),
(349, '4806-KEXQR', 15, 1, 241, 1, 2, 4, 79.9, 324.3, 124.135),
(350, '4816-JBHOV', 20, 1, 39, 1, 2, 2, 44.7, 93.7, 88.28),
(351, '4816-LXZYW', 7, 1, 199, 1, 2, 23, -7, 1676.95, 106.351),
(352, '4817-QRJSX', 7, 3, 242, 1, 2, 10, 81, 818.05, 131.305),
(353, '4817-VYYWS', 32, 1, 243, 1, 2, 30, 100.2, 2983.8, 111.19),
(354, '4818-DRBQT', 7, 1, 244, 1, 2, 29, 80.15, 2265.25, 104.142),
(355, '4822-RVYBB', 30, 1, 155, 1, 2, 8, 100.6, 819.4, 142.875),
(356, '4822-YCXMX', 10, 1, 146, 1, 2, 25, 84.8, 2043.45, 90.048),
(357, '4844-JJWUY', 146, 1, 17, 1, 2, 1, 86, 86, 114.82),
(358, '4846-WHAFZ', 17, 1, 90, 1, 2, 37, 76.5, 2868.15, 83.8476),
(359, '4847-QNOKA', 20, 1, 74, 1, 2, 1, 44.9, 44.9, 86.68),
(360, '4853-RULSV', 147, 3, 245, 1, 2, 70, 104, 7250.15, 115.764),
(361, '4855-SNKMY', 20, 1, 39, 1, 2, 1, 44.1, 44.1, 48.51),
(362, '4913-EHYUI', 148, 1, 246, 1, 2, 56, 104.55, 5794.65, 152.276),
(363, '4919-IKATY', 87, 1, 12, 1, 2, 5, 84.5, 453.75, 127.63),
(364, '4919-MOAVT', 8, 1, 109, 1, 2, 3, 69.65, 220.1, 112.747),
(365, '4925-LMHOK', 149, 3, 247, 1, 2, 15, 58.6, 939.7, 77.4367),
(366, '4958-XCBDQ', 30, 1, 248, 1, 2, 35, 101.4, 3496.3, 139.584),
(367, '4959-JOSRX', 20, 3, 62, 1, 2, 2, 44.6, 80.55, 70.465),
(368, '5020-ZSTTY', 150, 1, 12, 1, 2, 54, 82.45, 4350.1, 92.6374),
(369, '5027-QPKTE', 20, 1, 74, 1, 2, 7, 69.35, 451.1, 80.6214),
(370, '5047-LHVLY', 1, 2, 12, 1, 2, 1, -9, 50.15, 89.93),
(371, '5052-PNLOS', 119, 1, 249, 1, 2, 3, 105.35, 323.25, 121.58),
(372, '5089-IFSDP', 151, 1, 250, 1, 2, 58, 109.45, 6144.55, 133.931),
(373, '5099-BAILX', 112, 1, 87, 1, 2, 43, 110.75, 4687.9, 123.541),
(374, '5103-MHMHY', 8, 2, 251, 1, 2, 1, 45.95, 45.95, 92.12),
(375, '5130-IEKQT', 29, 3, 17, 1, 2, 25, 105.95, 2655.25, 152.55),
(376, '5136-KCKGI', 148, 2, 104, 1, 2, 33, 103.7, 3467, 146.671),
(377, '5138-WVKYJ', 152, 1, 12, 1, 2, 10, 98.55, 1008.55, 128.425),
(378, '5159-YFPKQ', 1, 1, 252, 1, 2, 2, 75.8, 160.75, 104.685),
(379, '5167-ZFFMM', 128, 3, 12, 1, 2, 1, 90.85, 90.85, 99.41),
(380, '5196-SGOAK', 47, 1, 253, 1, 2, 1, 75.7, 75.7, 84.75),
(381, '5208-HFSBT', 44, 3, 254, 1, 2, 2, 55.05, 102.75, 93.925),
(382, '5229-PRWKT', 10, 1, 237, 1, 2, 8, 86.55, 649.65, 105.966),
(383, '5271-YNWVR', 59, 1, 190, 1, 2, 68, 113.15, 7856, 139.199),
(384, '5276-KQWHG', 20, 1, 255, 1, 2, 2, 69.6, 131.65, 81.145),
(385, '5277-ZLOOR', 16, 1, 256, 1, 2, 2, 85.55, 187.45, 99.215),
(386, '5281-BUZGT', 132, 1, 257, 1, 2, 36, 90.85, 3186.7, 111.849),
(387, '5299-SJCZT', 30, 1, 258, 1, 2, 3, 101.55, 298.35, 121.31),
(388, '5301-GAUUY', 7, 1, 215, 1, 2, 32, 80.35, 2596.15, 82.6197),
(389, '5307-DZCVC', 16, 3, 85, 1, 2, 32, 85.95, 2628.6, 131.094),
(390, '5366-IJEQJ', 60, 1, 12, 1, 2, 20, 88.7, 1761.45, 93.6125),
(391, '5380-WJKOV', 119, 1, 39, 1, 2, 34, 106.35, 3549.25, 126.08),
(392, '5440-FLBQG', 107, 1, 87, 1, 2, 69, 108.4, 7318.2, 154.941),
(393, '5442-XSDCW', 65, 1, 12, 1, 2, 11, 79.5, 868.5, 96.83),
(394, '5445-PZWGX', 153, 1, 180, 1, 2, 62, 102, 6529.25, 115.165),
(395, '5449-FIBXJ', 154, 1, 19, 1, 2, 19, 103.3, 2012.7, 133.972),
(396, '5458-CQJTA', 155, 1, 259, 1, 2, 65, 74.8, 4820.15, 114.626),
(397, '5493-SDRDQ', 127, 2, 158, 1, 2, 2, 55.1, 113.35, 62.005),
(398, '5494-HECPR', 65, 1, 260, 1, 2, 1, 80.25, 80.25, 113.17),
(399, '5519-YLDGW', 138, 1, 39, 1, 2, 21, 103.9, 2254.2, 108.553),
(400, '5536-RTPWK', 32, 1, 187, 1, 2, 49, 99.05, 4853.75, 119.246),
(401, '5561-NWEVX', 133, 1, 261, 1, 2, 2, 79.2, 172.85, 104.155),
(402, '5564-NEMQO', 1, 1, 262, 1, 2, 1, 75.3, 75.3, 130.39),
(403, '5567-WSELE', 49, 1, 38, 1, 2, 3, 94.6, 279.55, 125.493),
(404, '5569-KGJHX', 16, 1, 263, 1, 2, 9, 85.35, 754.65, 103.616),
(405, '5569-OUICF', 124, 3, 12, 1, 2, 28, 101.3, 2812.2, 116.866),
(406, '5583-SXDAG', 8, 1, 264, 1, 2, 1, 70, 70, 99.15),
(407, '5597-GLBUC', 14, 1, 265, 1, 2, 1, 85.45, 85.45, 108.42),
(408, '5649-ANRML', 156, 3, 266, 1, 2, 2, 95.1, 180.25, 103.085),
(409, '5655-JSMZM', 49, 1, 50, 1, 2, 49, 96.2, 4718.25, 128.651),
(410, '5673-FSSMF', 10, 1, 267, 1, 2, 1, 60.15, 60.15, 113.63),
(411, '5707-ORNDZ', 157, 1, 268, 1, 2, 9, 54.55, 494.05, 57.3444),
(412, '5712-PTIWW', 120, 1, 269, 1, 2, 2, 79.85, 152.45, 92.365),
(413, '5729-KLZAR', 48, 1, 85, 1, 2, 4, 80.85, 302.75, 129.967),
(414, '5748-RNCJT', 158, 1, 85, 1, 2, 69, 106.5, 7348.8, 133.384),
(415, '5797-APWZC', 159, 1, 17, 1, 2, 1, 90.6, 90.6, 122.28),
(416, '5804-LEPIM', 20, 1, 12, 1, 2, 2, 70.35, 139.05, 82.695),
(417, '5832-XKAES', 20, 3, 270, 1, 2, 2, 69.8, 134.7, 105.07),
(418, '5875-YPQFJ', 20, 1, 271, 1, 2, 1, 69.9, 69.9, 115.56),
(419, '5876-HZVZM', 129, 3, 272, 1, 2, 6, 55.9, 365.35, 80.4017),
(420, '5883-GTGVD', 32, 1, 214, 1, 2, 19, 99.95, 1931.75, 103.861),
(421, '5884-GCYMI', 8, 2, 12, 1, 2, 1, 69.4, 69.4, 107.93),
(422, '5889-JTMUL', 86, 1, 194, 1, 2, 50, 95.05, 4888.7, 130.334),
(423, '5889-LFOLL', 10, 1, 273, 1, 2, 13, 84.6, 1115.2, 121.745),
(424, '5899-MQZZL', 17, 2, 274, 1, 2, 13, 75, 999.45, 82.9108),
(425, '5922-ABDVO', 160, 3, 275, 1, 2, 19, 89.65, 1761.05, 118.607),
(426, '5940-AHUHD', 8, 3, 276, 1, 2, 1, 70.6, 70.6, 115.19),
(427, '5955-ERIHD', 49, 1, 123, 1, 2, 18, 94.7, 1687.95, 125.265),
(428, '5956-VKDTT', 17, 1, 252, 1, 2, 5, 74.35, 334.8, 112.72),
(429, '5959-BELXA', 49, 3, 277, 1, 2, 32, 96.15, 3019.25, 119.802),
(430, '5976-JCJRH', 20, 1, 278, 1, 2, 10, 70.3, 738.2, 105.54),
(431, '5981-ITEMU', 49, 1, 279, 1, 2, 40, 97.1, 3706.95, 107.957),
(432, '6005-OBZPH', 6, 1, 12, 1, 2, 26, 89.15, 2277.65, 96.6919),
(433, '6022-UGGSO', 47, 1, 280, 1, 2, 32, 74.4, 2276.95, 102.99),
(434, '6023-YEBUP', 30, 1, 247, 1, 2, 3, 100.95, 329.95, 125.257),
(435, '6029-WTIPC', 30, 1, 12, 1, 2, 37, 101.1, 3744.05, 139.251),
(436, '6086-ESGRL', 48, 3, 281, 1, 2, 1, -7, 80.15, 84.82),
(437, '6087-MVHJH', 161, 1, 282, 1, 2, 16, 88.45, 1422.1, 115.431),
(438, '6097-EQISJ', 80, 3, 39, 1, 2, 66, 102.45, 6615.15, 150.969),
(439, '6100-QQHEB', 49, 1, 19, 1, 2, 17, 92.55, 1515.1, 106.834),
(440, '6101-IMRMM', 42, 2, 283, 1, 2, 6, 94.5, 575.45, 114.155),
(441, '6108-OQZDQ', 32, 1, 284, 1, 2, 4, 97.95, 384.5, 106.105),
(442, '6110-OHIHY', 68, 1, 285, 1, 2, 3, 79.25, 267.6, 142.293),
(443, '6140-QNRQQ', 20, 2, 87, 1, 2, 1, 71.55, 71.55, 88.82),
(444, '6172-FECYY', 162, 1, 286, 1, 2, 49, 84.5, 4254.85, 126.434),
(445, '6173-ITPWD', 12, 1, 287, 1, 2, 47, 83.35, 4065, 107.008),
(446, '6178-KFNHS', 85, 1, 288, 1, 2, 12, 78.3, 909.25, 111.571),
(447, '6204-IEUXJ', 163, 3, 185, 1, 2, 3, 80.1, 217.55, 113.187),
(448, '6227-HWPWX', 8, 1, 248, 1, 2, 15, 69, 994.8, 70.99),
(449, '6261-RCVNS', 164, 3, 289, 1, 2, 42, 73.9, 3160.55, 81.0012),
(450, '6270-OMFIW', 123, 1, 290, 1, 2, 60, 94.4, 5610.25, 140.904),
(451, '6275-YDUVO', 13, 2, 291, 1, 2, 2, -5, 178.7, 113.4),
(452, '6289-CPNLD', 165, 2, 94, 1, 2, 33, 73.9, 2405.05, 106.2),
(453, '6326-MTTXK', 139, 1, 268, 1, 2, 8, 100.85, 819.55, 105.714),
(454, '6330-JKLPC', 7, 1, 68, 1, 2, 11, 80.5, 896.9, 93.0364),
(455, '6331-EWIEB', 16, 1, 292, 1, 2, 20, 85.25, 1734.5, 88.085),
(456, '6347-DCUIK', 17, 3, 39, 1, 2, 10, 74.15, 811.8, 110.42),
(457, '6358-LYNGM', 17, 1, 293, 1, 2, 1, 74.9, 74.9, 76.74),
(458, '6372-RFVNS', 68, 1, 294, 1, 2, 1, 78.8, 78.8, 106.84),
(459, '6376-GAHQE', 68, 1, 40, 1, 2, 4, 77.85, 299.2, 120.1),
(460, '6416-TVAIH', 20, 1, 17, 1, 2, 1, 68.5, 68.5, 99.12),
(461, '6424-ELEYH', 17, 3, 295, 1, 2, 3, 74.75, 229.5, 111.68),
(462, '6432-TWQLB', 149, 1, 296, 1, 2, 5, 85.4, 401.1, 113.436),
(463, '6474-FVJLC', 10, 1, 297, 1, 2, 2, 86, 165.45, 126.195),
(464, '6481-OGDOO', 166, 3, 12, 1, 2, 67, 90.6, 6056.15, 121.14),
(465, '6496-SLWHQ', 119, 1, 298, 1, 2, 3, 105, 294.45, 133.58),
(466, '6521-YYTYI', 49, 1, 299, 1, 2, 1, 93.3, 93.3, 101.29),
(467, '6583-QGCSI', 6, 1, 300, 1, 2, 50, 88.05, 4367.35, 126.467),
(468, '6595-COKXZ', 20, 2, 301, 1, 2, 1, 44.45, 44.45, 92.76),
(469, '6595-YGXIT', 6, 1, 218, 1, 2, 25, 88.95, 2291.2, 139.308),
(470, '6599-CEBNN', 47, 3, 12, 1, 2, 34, 73.95, 2524.45, 75.7985),
(471, '6599-RCLCJ', 112, 1, 81, 1, 2, 47, 109.55, 5124.55, 116.653),
(472, '6618-RYATB', 50, 3, 3, 1, 2, 1, 79.55, 79.55, 84.65),
(473, '6633-MPWBS', 46, 1, 44, 1, 2, 5, 49.2, 216.9, 50.69),
(474, '6641-XRPSU', 20, 3, 302, 1, 2, 34, 70, 2416.1, 75.3982),
(475, '6653-CBBOM', 20, 1, 303, 1, 2, 1, 70.3, 70.3, 86.22),
(476, '6664-FPDAC', 71, 1, 12, 1, 2, 56, 111.95, 6418.9, 134.083),
(477, '6689-TCZHQ', 48, 1, 304, 1, 2, 5, 78.95, 378.4, 87.95),
(478, '6711-FLDFB', 17, 1, 5, 1, 2, 7, 74.9, 541.15, 124.097),
(479, '6712-OAWRH', 24, 1, 188, 1, 2, 26, 91.25, 2351.8, 125.144),
(480, '6772-KSATR', 85, 1, 305, 1, 2, 1, 81.7, 81.7, 91.51),
(481, '6797-LNAQX', 167, 1, 306, 1, 2, 70, 98.3, 6859.5, 127.869),
(482, '6818-WOBHJ', 128, 1, 307, 1, 2, 68, 89.6, 6127.6, 114.242),
(483, '6821-BUXUX', 168, 1, 94, 1, 2, 13, 96.65, 1244.5, 112.751),
(484, '6825-UYPFK', 22, 1, 308, 1, 2, 23, 75.6, 1758.6, 104.071),
(485, '6857-VWJDT', 93, 3, 309, 1, 2, 1, 95.65, 95.65, 127.98),
(486, '6877-LGWXO', 48, 1, 310, 1, 2, 18, 78.55, 1422.65, 84.0161),
(487, '6877-TJMBR', 45, 1, 311, 1, 2, 1, 84.8, 84.8, 122.63),
(488, '6892-EZDTG', 6, 1, 312, 1, 2, 4, 91.65, 365.4, 113.16),
(489, '6892-XPFPU', 119, 1, 109, 1, 2, 24, 104.25, 2433.9, 151.173),
(490, '6900-PXRMS', 29, 1, 313, 1, 2, 26, 105.75, 2710.25, 108.962),
(491, '6905-NIQIN', 77, 3, 12, 1, 2, 1, 50.65, 50.65, 65.43),
(492, '6906-ANDWJ', 17, 1, 314, 1, 2, 15, 74.9, 1107.25, 108.447),
(493, '6927-WTFIV', 8, 3, 184, 1, 2, 20, 71.3, 1389.2, 75.17),
(494, '6941-PMGEP', 15, 1, 110, 1, 2, 5, 80, 412.5, 120.49),
(495, '6946-LMSQS', 169, 1, 94, 1, 2, 25, 89.05, 2177.45, 120.728),
(496, '6959-UWKHF', 20, 1, 246, 1, 2, 1, 42.9, 42.9, 46.92),
(497, '6961-VCPMC', 15, 1, 315, 1, 2, 46, 80.4, 3605.2, 127.429),
(498, '6979-ZNSFF', 16, 1, 316, 1, 2, 8, 87.05, 762.1, 140.852),
(499, '6982-SSHFK', 8, 2, 146, 1, 2, 1, 44.4, 44.4, 76.84),
(500, '6986-IJDHX', 83, 3, 250, 1, 2, 39, 86.3, 3266, 123.994),
(501, '7054-LGEQW', 8, 3, 317, 1, 2, 1, 45.95, 45.95, 51.07),
(502, '7055-VKGDA', 170, 3, 318, 1, 2, 54, 105.4, 5643.4, 154.487),
(503, '7056-IMHCC', 32, 1, 196, 1, 2, 53, 101.9, 5549.4, 112.646),
(504, '7089-IVVAZ', 104, 1, 319, 1, 2, 8, 103.35, 847.3, 125.592),
(505, '7133-VBDCG', 141, 1, 12, 1, 2, 25, 79.85, 2015.35, 107.424),
(506, '7137-RYLPP', 16, 1, 320, 1, 2, 37, 85.7, 3171.15, 132.317),
(507, '7142-HVGBG', 119, 1, 136, 1, 2, 43, 103, 4414.3, 120.088),
(508, '7153-OANIO', 8, 1, 321, 1, 2, 1, 69.95, 69.95, 97.53),
(509, '7206-GZCDC', 20, 1, 322, 1, 2, 1, 69.25, 69.25, 98.93),
(510, '7209-JCUDS', 95, 1, 247, 1, 2, 10, 94.9, 1048.85, 145.105),
(511, '7235-NXZCP', 17, 2, 323, 1, 2, 2, 74.85, 156.4, 123.61),
(512, '7250-EQKIY', 41, 2, 13, 1, 2, 1, 50.45, 50.45, 60.18),
(513, '7254-IQWOZ', 20, 1, 324, 1, 2, 1, 69.65, 69.65, 98.35),
(514, '7274-RTAPZ', 24, 1, 199, 1, 2, 1, 90.55, 90.55, 97.7),
(515, '7294-TMAOP', 159, 1, 325, 1, 2, 1, 90.55, 90.55, 165.99),
(516, '7295-JOMMD', 5, 1, 19, 1, 2, 4, 98.1, 396.3, 104.705),
(517, '7317-GGVPB', 107, 3, 326, 1, 2, 71, 108.6, 7690.9, 114.364),
(518, '7321-PKUYW', 171, 1, 327, 1, 2, 11, 90.15, 987.95, 112.174),
(519, '7330-WZLNC', 6, 1, 328, 1, 2, 5, 90.8, 455.5, 92.59),
(520, '7359-SSBJK', 172, 3, 90, 1, 2, 64, 70.2, 4481, 99.1356),
(521, '7377-DMMRI', 25, 1, 107, 1, 2, 2, 47.8, 92.45, 59.955),
(522, '7394-FKDNK', 159, 1, 12, 1, 2, 9, 89.45, 853.1, 121.299),
(523, '7459-RRWQZ', 173, 1, 12, 1, 2, 15, 64.65, 994.55, 113.873),
(524, '7481-ATQQS', 161, 3, 218, 1, 2, 49, 90.85, 4515.85, 137.04),
(525, '7486-KSRVI', 174, 1, 329, 1, 2, 43, 100, 4211.55, 140.569),
(526, '7488-MXJIV', 16, 1, 10, 1, 2, 4, 85.65, 321.65, 126.232),
(527, '7495-OOKFY', 7, 3, 39, 1, 2, 8, 80.65, 633.3, 128.012),
(528, '7503-QQRVF', 47, 3, 19, 1, 2, 16, 74.3, 1178.25, 99.7606),
(529, '7508-MYBOG', 16, 1, 330, 1, 2, 14, 86.1, 1235.55, 95.5136),
(530, '7517-SAWMO', 25, 1, 331, 1, 2, 19, 73.2, 1441.1, 101.597),
(531, '7526-BEZQB', 49, 1, 332, 1, 2, 12, 96.05, 1148.1, 140.385),
(532, '7534-BFESC', 17, 1, 12, 1, 2, 24, 76.1, 1712.7, 102.232),
(533, '7538-GWHML', 8, 1, 221, 1, 2, 2, 69.65, 145.15, 80.215),
(534, '7547-EKNFS', 86, 1, 333, 1, 2, 42, 95.25, 3959.35, 111.88),
(535, '7548-SEPYI', 3, 1, 94, 1, 2, 5, 96.25, 512.45, 134.61),
(536, '7549-MYGPK', 28, 1, 198, 1, 2, 63, 100.55, 6215.35, 107.636),
(537, '7551-DACSP', 34, 2, 334, 1, 2, 6, 55.3, 324.25, 55.9017),
(538, '7563-BIUPC', 65, 1, 12, 1, 2, 5, 80.6, 415.55, 89.602),
(539, '7579-OOPEC', 77, 3, 335, 1, 2, 2, 50.15, 115.1, 64.41),
(540, '7587-RZNME', 20, 1, 159, 1, 2, 3, 43.3, 123.65, 90.0567),
(541, '7593-JNWRU', 20, 1, 271, 1, 2, 6, 44.6, 260.8, 92.6667),
(542, '7594-RQHXR', 15, 1, 336, 1, 2, 1, 79.6, 79.6, 101.32),
(543, '7598-UAASY', 41, 1, 279, 1, 2, 2, 76.4, 151.8, 96.4),
(544, '7603-USHJS', 17, 3, 337, 1, 2, 12, 73.75, 871.4, 87.5767),
(545, '7619-ODSGN', 157, 1, 338, 1, 2, 24, 54.75, 1338.15, 73.0263),
(546, '7657-DYEPJ', 175, 3, 39, 1, 2, 38, 70.15, 2497.35, 71.4697),
(547, '7694-VLBWQ', 176, 1, 339, 1, 2, 67, 104.1, 7040.85, 113.267),
(548, '7703-ZEKEF', 50, 1, 287, 1, 2, 23, 81, 1917.1, 102.052),
(549, '7716-YTYHG', 177, 2, 340, 1, 2, 48, 82.05, 4029.95, 107.907),
(550, '7743-EXURX', 1, 1, 341, 1, 2, 8, 51.05, 415.05, 55.7313),
(551, '7783-YKGDV', 178, 1, 134, 1, 2, 12, 99.7, 1238.45, 119.274),
(552, '7825-GKXMW', 8, 1, 12, 1, 2, 1, -9, 45.8, 77.91),
(553, '7851-WZEKY', 49, 1, 247, 1, 2, 2, 95.15, 196.9, 136.96),
(554, '7854-EDSSA', 179, 1, 86, 1, 2, 22, 59, 1254.7, 106.462),
(555, '7881-INRLC', 32, 3, 114, 1, 2, 45, 100.85, 4740, 119.453),
(556, '7892-POOKP', 51, 1, 39, 1, 2, 28, 104.8, 3046.05, 113.677),
(557, '7908-QCBCA', 20, 2, 207, 1, 2, 1, 69.4, 69.4, 112.86),
(558, '7912-SYRQT', 17, 1, 39, 1, 2, 7, 75.1, 552.95, 97.9829),
(559, '7927-AUXBZ', 180, 1, 308, 1, 2, 30, 85.15, 2555.9, 94.5367),
(560, '7938-OUHIO', 5, 1, 342, 1, 2, 3, 98.7, 293.65, 130.643),
(561, '7943-RQCHR', 49, 1, 343, 1, 2, 9, 94.75, 889.9, 112.281),
(562, '7957-RYHQD', 141, 3, 344, 1, 2, 40, 79.2, 3233.85, 125.706),
(563, '7963-GQRMY', 8, 3, 39, 1, 2, 3, 44.3, 134.5, 89.2933),
(564, '8000-REIQB', 20, 1, 12, 1, 2, 1, 69.95, 69.95, 102.45),
(565, '8017-LXHFA', 3, 1, 12, 1, 2, 23, 94.75, 2293.6, 130.892),
(566, '8019-ENHXU', 181, 1, 232, 1, 2, 42, 99.45, 4138.05, 135.783),
(567, '8051-HJRLT', 20, 1, 345, 1, 2, 1, 70.55, 70.55, 88.75),
(568, '8058-JMEQO', 10, 1, 12, 1, 2, 9, 84.45, 762.5, 97.6322),
(569, '8079-XRJRS', 182, 1, 346, 1, 2, 65, 89.75, 5769.6, 137.805),
(570, '8080-DDEMJ', 8, 1, 341, 1, 2, 1, 45.1, 45.1, 60.38),
(571, '8098-LLAZX', 49, 1, 12, 1, 2, 4, 95.45, 396.1, 130.635),
(572, '8111-RKSPX', 17, 1, 86, 1, 2, 4, 72.2, 305.55, 106.368),
(573, '8149-RSOUN', 49, 1, 347, 1, 2, 1, 93.85, 93.85, 110),
(574, '8182-BJDSI', 128, 1, 52, 1, 2, 28, 89.95, 2625.55, 124.05),
(575, '8225-BTJAU', 15, 1, 348, 1, 2, 10, 79.25, 793.55, 86.865),
(576, '8229-TNIQA', 20, 3, 109, 1, 2, 4, 45.3, 196.95, 89.1375),
(577, '8257-RZAHR', 132, 1, 19, 1, 2, 14, 64.7, 941, 87.6143),
(578, '8276-MQBYC', 30, 1, 39, 1, 2, 51, 97.8, 4913.3, 115.829),
(579, '8280-MQRQN', 1, 2, 349, 1, 2, 1, 50.45, 50.45, 74.15),
(580, '8292-TYSPY', 120, 3, 39, 1, 2, 19, 55, 1046.5, 60.9579),
(581, '8357-EQXFO', 95, 1, 350, 1, 2, 7, 95.35, 660.9, 137.876),
(582, '8364-TRMMK', 17, 2, 19, 1, 2, 3, 50.65, 151.3, 72.9933),
(583, '8374-XGEJJ', 32, 1, 94, 1, 2, 43, 101, 4388.4, 136.794),
(584, '8375-DKEBR', 20, 1, 261, 1, 2, 1, 69.6, 69.6, 104.11),
(585, '8397-MVTAZ', 30, 1, 308, 1, 2, 34, 100.05, 3480, 126.031),
(586, '8429-XIBUM', 99, 1, 232, 1, 2, 22, 101.35, 2317.1, 115.653),
(587, '8436-BJUMM', 16, 1, 351, 1, 2, 26, 83.75, 2070.6, 115.538),
(588, '8481-YYXWG', 64, 1, 352, 1, 2, 5, 89.35, 461.7, 102.45),
(589, '8496-EJAUI', 47, 3, 102, 1, 2, 19, 73.85, 1424.5, 83.6058),
(590, '8510-AWCXC', 99, 1, 110, 1, 2, 13, 100.8, 1308.1, 107.843),
(591, '8519-QJGJD', 41, 1, 353, 1, 2, 14, 75.35, 1025.95, 92.0221),
(592, '8559-CIZFV', 183, 2, 354, 1, 2, 21, 77.5, 1625, 97.8848),
(593, '8563-IIOXK', 184, 1, 355, 1, 2, 7, 49.75, 331.3, 83.4686),
(594, '8593-WHYHV', 10, 1, 39, 1, 2, 3, 85.3, 264.8, 102.547),
(595, '8601-QACRS', 17, 2, 81, 1, 2, 5, 50.6, 249.95, 91.09),
(596, '8603-IJWDN', 10, 1, 356, 1, 2, 1, 86.6, 86.6, 92.03),
(597, '8623-TMRBY', 12, 1, 357, 1, 2, 51, 84.2, 4146.05, 124.875),
(598, '8624-GIOUT', 185, 3, 358, 1, 2, 49, 59.75, 2934.3, 95.7537),
(599, '8625-AZYZY', 119, 1, 26, 1, 2, 24, 104.65, 2542.45, 108.935),
(600, '8634-CILSZ', 121, 1, 12, 1, 2, 69, 104.7, 7220.35, 125.083),
(601, '8644-XLFBW', 20, 1, 359, 1, 2, 1, 71.65, 71.65, 100.11),
(602, '8696-JKZNU', 17, 1, 16, 1, 2, 37, 76.25, 2841.55, 103.749),
(603, '8740-CRYFY', 65, 1, 85, 1, 2, 1, 78.95, 78.95, 102.91),
(604, '8749-JMNKX', 186, 1, 360, 1, 2, 51, 93.8, 4750.95, 115.296),
(605, '8775-LHDJH', 6, 1, 19, 1, 2, 1, 90.6, 90.6, 103.62),
(606, '8802-UNOJF', 187, 3, 361, 1, 2, 12, 83.8, 1029.75, 117.394),
(607, '8806-EAGWC', 68, 3, 69, 1, 2, 3, 55.15, 159.15, 75.82),
(608, '8818-XYFCQ', 99, 3, 362, 1, 2, 32, -8, 3204.65, 136.033),
(609, '8824-RWFXJ', 34, 2, 309, 1, 2, 3, 56.15, 168.15, 85.34),
(610, '8835-VSDSE', 20, 1, 12, 1, 2, 2, 70.7, 141.45, 80.485),
(611, '8844-TONUD', 95, 2, 80, 1, 2, 13, 96.65, 1162.85, 135.05),
(612, '8868-WOZGU', 119, 1, 363, 1, 2, 28, 105.7, 2979.5, 139.748),
(613, '8878-HMWBV', 1, 1, 364, 1, 2, 3, 49.15, 169.05, 100.473),
(614, '8938-UMKPI', 119, 1, 365, 1, 2, 47, 106.4, 5127.95, 145.075),
(615, '8943-URTMR', 65, 2, 332, 1, 2, 2, 79.65, 152.7, 105.39),
(616, '8945-GRKHX', 48, 1, 87, 1, 2, 1, 78.65, 78.65, 124.74),
(617, '8945-MUQUF', 188, 1, 81, 1, 2, 51, 94.8, 4837.6, 139.625),
(618, '8949-JTMAY', 30, 3, 150, 1, 2, 29, 98.6, 2933.2, 128.895),
(619, '8972-HJWNV', 10, 1, 366, 1, 2, 7, 84.55, 646.85, 113.837),
(620, '8988-ECPJR', 7, 3, 367, 1, 2, 34, 79.6, 2718.3, 105.79),
(621, '9025-AOMKI', 49, 1, 368, 1, 2, 6, 93.55, 536.4, 133.2),
(622, '9053-JZFKV', 189, 3, 369, 1, 2, 67, 116.2, 7752.3, 149.586),
(623, '9057-SIHCH', 49, 1, 370, 1, 2, 3, 96.6, 291.9, 107.25),
(624, '9095-HFAFX', 65, 3, 12, 1, 2, 5, 81, 389.6, 100.12),
(625, '9101-BWFSS', 150, 1, 371, 1, 2, 50, 108.55, 5610.7, 141.644),
(626, '9103-TCIHJ', 85, 2, 39, 1, 2, 15, 55.7, 899.8, 100.647),
(627, '9134-CEQMF', 24, 1, 364, 1, 2, 7, 89.5, 676.7, 110.301),
(628, '9170-CCKOU', 190, 3, 271, 1, 2, 17, 90.2, 1454.15, 97.5982),
(629, '9172-ANCRX', 99, 1, 112, 1, 2, 10, 98.7, 973.25, 134.685),
(630, '9190-MFJLN', 95, 3, 372, 1, 2, 19, 95.9, 1777.9, 126.344),
(631, '9210-IAHGH', 136, 3, 373, 1, 2, 7, 70.75, 450.8, 87.75),
(632, '9249-FXSCK', 191, 3, 80, 1, 2, 52, 111.25, 5916.45, 147.443),
(633, '9254-RBFON', 192, 1, 374, 1, 2, 17, 98.6, 1704.95, 105.691),
(634, '9269-CQOOL', 65, 3, 375, 1, 2, 3, 54.7, 169.45, 59.3633),
(635, '9282-IZGQK', 10, 1, 120, 1, 2, 1, 85, 85, 115.52),
(636, '9300-RENDD', 65, 1, 376, 1, 2, 1, 79.95, 79.95, 83.08),
(637, '9317-WZPGV', 15, 1, 320, 1, 2, 2, 79.75, 159.4, 124.33),
(638, '9330-IJWIO', 99, 1, 377, 1, 2, 13, 100.35, 1358.85, 108.685),
(639, '9360-AHGNL', 118, 3, 378, 1, 2, 43, 109.55, 4830.25, 121.081),
(640, '9367-WXLCH', 101, 1, 341, 1, 2, 8, 84.5, 662.65, 104.41),
(641, '9391-EOYLI', 15, 1, 379, 1, 2, 12, 80.45, 950.2, 86.1533),
(642, '9436-ZBZCT', 137, 1, 230, 1, 2, 14, 89.95, 1178.4, 112.821),
(643, '9451-LPGOO', 10, 1, 81, 1, 2, 7, 86.8, 620.35, 119.231),
(644, '9465-RWMXL', 50, 1, 12, 1, 2, 32, 78.9, 2447.95, 99.0684),
(645, '9474-PHLYD', 13, 1, 297, 1, 2, 15, 59.45, 892.65, 95.85),
(646, '9488-HGMJH', 20, 1, 300, 1, 2, 1, 71.15, 71.15, 115.9),
(647, '9497-QCMMS', 49, 1, 12, 1, 2, 1, 93.55, 93.55, 123.72),
(648, '9507-EXLTT', 65, 1, 380, 1, 2, 1, 79.35, 79.35, 102.98),
(649, '9526-JAWYF', 193, 1, 12, 1, 2, 26, 89.8, 2335.3, 96.0592),
(650, '9530-EHPOH', 133, 1, 12, 1, 2, 11, 53.75, 608, 70.3027),
(651, '9565-DJPIB', 194, 3, 144, 1, 2, 4, 89.6, 365.65, 128.173),
(652, '9574-RKJIF', 168, 1, 381, 1, 2, 30, 94.4, 2838.7, 126.14),
(653, '9600-UDOPK', 49, 3, 17, 1, 2, 30, 94.05, 2866.45, 106.048),
(654, '9601-BRXPO', 51, 1, 12, 1, 2, 25, 104.95, 2566.5, 111.57),
(655, '9658-WYUFB', 168, 1, 382, 1, 2, 17, 94.4, 1617.5, 116.967),
(656, '9661-ACXBS', 138, 1, 383, 1, 2, 42, 105.2, 4400.75, 137.284),
(657, '9685-WKZGT', 17, 1, 384, 1, 2, 14, 74.95, 1036.75, 87.5671),
(658, '9689-PTNPG', 65, 1, 12, 1, 2, 2, 80.25, 144.55, 116.305),
(659, '9692-TUSXH', 195, 1, 39, 1, 2, 18, 96.05, 1740.7, 132.406),
(660, '9710-ZUSHQ', 196, 1, 328, 1, 2, 37, 106.75, 4056.75, 151.492),
(661, '9725-SCPZG', 24, 1, 385, 1, 2, 1, 90.85, 90.85, 91.98),
(662, '9763-PDTKK', 197, 1, 19, 1, 2, 4, 94.4, 387.2, 136.48),
(663, '9787-XVQIU', 17, 1, 386, 1, 2, 1, 75.3, 75.3, 114.74),
(664, '9801-GDWGV', 119, 1, 94, 1, 2, 39, 103.45, 3994.45, 137.162),
(665, '9809-IMGCQ', 49, 1, 25, 1, 2, 22, 96.7, 2082.95, 139.405),
(666, '9821-POOTN', 17, 1, 88, 1, 2, 35, 75.2, 2576.2, 122.076),
(667, '9824-BEMCV', 20, 1, 74, 1, 2, 17, 69, 1149.65, 112.596),
(668, '9846-GKXAS', 24, 1, 387, 1, 2, 9, 90.8, 809.75, 91.3122),
(669, '9866-QEVEE', 10, 1, 74, 1, 2, 19, 86, 1532.45, 102.644),
(670, '9874-QLCLH', 138, 1, 388, 1, 2, 17, 104.2, 1743.5, 107.469),
(671, '9878-TNQGW', 15, 1, 389, 1, 2, 2, 80.95, 171.15, 102.905),
(672, '9885-CSMWE', 68, 1, 39, 1, 2, 1, 78.45, 78.45, 96.82),
(673, '9894-EZEWG', 47, 3, 390, 1, 2, 1, 74.3, 74.3, 113.96),
(674, '9897-KXHCM', 15, 1, 74, 1, 2, 3, 80.3, 250.05, 131.73),
(675, '9912-GVSEQ', 27, 1, 391, 1, 2, 26, 93.85, 2381.55, 100.878),
(676, '9940-HPQPG', 190, 1, 3, 1, 2, 9, 91.75, 865.8, 118.2),
(677, '9940-RHLFB', 41, 1, 392, 1, 2, 1, 75.3, 75.3, 101.36),
(678, '9944-HKVVB', 3, 1, 393, 1, 2, 3, 95.1, 307.4, 150.087),
(679, '9947-OTFQU', 47, 1, 336, 1, 2, 15, 74.4, 1074.3, 100.73),
(680, '9985-MWVIX', 20, 3, 352, 1, 2, 1, 70.15, 70.15, 112.24),
(681, '9992-RRAMN', 10, 1, 394, 1, 2, 22, 85.1, 1873.7, 101.368);

--
-- Indexes for dumped tables
--

--
-- Indexes for table `dim_churn`
--
ALTER TABLE `dim_churn`
  ADD PRIMARY KEY (`churn_flag_id`);

--
-- Indexes for table `dim_customer`
--
ALTER TABLE `dim_customer`
  ADD PRIMARY KEY (`customer_id`);

--
-- Indexes for table `dim_date`
--
ALTER TABLE `dim_date`
  ADD PRIMARY KEY (`date_id`);

--
-- Indexes for table `dim_location`
--
ALTER TABLE `dim_location`
  ADD PRIMARY KEY (`location_id`);

--
-- Indexes for table `dim_payment`
--
ALTER TABLE `dim_payment`
  ADD PRIMARY KEY (`payment_id`);

--
-- Indexes for table `dim_service`
--
ALTER TABLE `dim_service`
  ADD PRIMARY KEY (`service_id`);

--
-- Indexes for table `fact_customer_churn`
--
ALTER TABLE `fact_customer_churn`
  ADD PRIMARY KEY (`fact_id`),
  ADD KEY `customer_id` (`customer_id`),
  ADD KEY `service_id` (`service_id`),
  ADD KEY `payment_id` (`payment_id`),
  ADD KEY `location_id` (`location_id`),
  ADD KEY `date_id` (`date_id`),
  ADD KEY `churn_flag_id` (`churn_flag_id`);

--
-- AUTO_INCREMENT for dumped tables
--

--
-- AUTO_INCREMENT for table `dim_churn`
--
ALTER TABLE `dim_churn`
  MODIFY `churn_flag_id` int(11) NOT NULL AUTO_INCREMENT, AUTO_INCREMENT=3;

--
-- AUTO_INCREMENT for table `dim_date`
--
ALTER TABLE `dim_date`
  MODIFY `date_id` int(11) NOT NULL AUTO_INCREMENT, AUTO_INCREMENT=2;

--
-- AUTO_INCREMENT for table `dim_location`
--
ALTER TABLE `dim_location`
  MODIFY `location_id` int(11) NOT NULL AUTO_INCREMENT, AUTO_INCREMENT=395;

--
-- AUTO_INCREMENT for table `dim_payment`
--
ALTER TABLE `dim_payment`
  MODIFY `payment_id` int(11) NOT NULL AUTO_INCREMENT, AUTO_INCREMENT=4;

--
-- AUTO_INCREMENT for table `dim_service`
--
ALTER TABLE `dim_service`
  MODIFY `service_id` int(11) NOT NULL AUTO_INCREMENT, AUTO_INCREMENT=198;

--
-- AUTO_INCREMENT for table `fact_customer_churn`
--
ALTER TABLE `fact_customer_churn`
  MODIFY `fact_id` int(11) NOT NULL AUTO_INCREMENT, AUTO_INCREMENT=682;

--
-- Constraints for dumped tables
--

--
-- Constraints for table `fact_customer_churn`
--
ALTER TABLE `fact_customer_churn`
  ADD CONSTRAINT `fact_customer_churn_ibfk_1` FOREIGN KEY (`customer_id`) REFERENCES `dim_customer` (`customer_id`),
  ADD CONSTRAINT `fact_customer_churn_ibfk_2` FOREIGN KEY (`service_id`) REFERENCES `dim_service` (`service_id`),
  ADD CONSTRAINT `fact_customer_churn_ibfk_3` FOREIGN KEY (`payment_id`) REFERENCES `dim_payment` (`payment_id`),
  ADD CONSTRAINT `fact_customer_churn_ibfk_4` FOREIGN KEY (`location_id`) REFERENCES `dim_location` (`location_id`),
  ADD CONSTRAINT `fact_customer_churn_ibfk_5` FOREIGN KEY (`date_id`) REFERENCES `dim_date` (`date_id`),
  ADD CONSTRAINT `fact_customer_churn_ibfk_6` FOREIGN KEY (`churn_flag_id`) REFERENCES `dim_churn` (`churn_flag_id`);
COMMIT;

/*!40101 SET CHARACTER_SET_CLIENT=@OLD_CHARACTER_SET_CLIENT */;
/*!40101 SET CHARACTER_SET_RESULTS=@OLD_CHARACTER_SET_RESULTS */;
/*!40101 SET COLLATION_CONNECTION=@OLD_COLLATION_CONNECTION */;
